game	date	hour	nb_streamer	nb_spec
Battlefield	30-sept-11	22	68	1354
Battlefield	30-sept-11	23	99	1324
Battlefield	01-oct-11	0	99	1539
Battlefield	01-oct-11	1	100	1763
Battlefield	01-oct-11	2	96	1820
Battlefield	01-oct-11	3	91	1419
Battlefield	01-oct-11	4	77	1220
Battlefield	01-oct-11	5	70	1027
Battlefield	01-oct-11	6	62	1236
Battlefield	01-oct-11	7	63	1853
Battlefield	01-oct-11	8	48	1693
Battlefield	01-oct-11	9	39	703
Battlefield	01-oct-11	10	33	589
Battlefield	01-oct-11	11	33	630
Battlefield	01-oct-11	12	31	784
Battlefield	01-oct-11	13	35	796
Battlefield	01-oct-11	14	41	839
Battlefield	01-oct-11	15	48	984
Battlefield	01-oct-11	16	59	1202
Battlefield	01-oct-11	17	60	1210
Battlefield	01-oct-11	18	68	1803
Battlefield	01-oct-11	19	80	1660
Battlefield	01-oct-11	20	80	1247
Battlefield	01-oct-11	21	86	1263
Battlefield	01-oct-11	22	85	1063
Battlefield	01-oct-11	23	76	1137
Battlefield	02-oct-11	0	66	1169
Battlefield	02-oct-11	1	61	934
Battlefield	02-oct-11	2	65	1361
Battlefield	02-oct-11	3	68	1747
Battlefield	02-oct-11	4	59	1698
Battlefield	02-oct-11	5	55	1391
Battlefield	02-oct-11	6	41	758
Battlefield	02-oct-11	7	36	971
Battlefield	02-oct-11	8	40	842
Battlefield	02-oct-11	9	34	885
Battlefield	02-oct-11	10	33	751
Battlefield	02-oct-11	11	29	764
Battlefield	02-oct-11	12	31	848
Battlefield	02-oct-11	13	25	893
Battlefield	02-oct-11	14	32	1065
Battlefield	02-oct-11	15	36	1100
Battlefield	02-oct-11	16	47	1427
Battlefield	02-oct-11	17	54	1415
Battlefield	02-oct-11	18	57	1333
Battlefield	02-oct-11	19	53	1032
Battlefield	02-oct-11	20	51	1445
Battlefield	02-oct-11	21	64	1324
Battlefield	02-oct-11	22	58	1243
Battlefield	02-oct-11	23	60	935
Battlefield	03-oct-11	0	54	682
Battlefield	03-oct-11	1	55	856
Battlefield	03-oct-11	2	50	786
Battlefield	03-oct-11	3	50	1021
Battlefield	03-oct-11	4	44	914
Battlefield	03-oct-11	5	40	847
Battlefield	03-oct-11	6	39	888
Battlefield	03-oct-11	7	32	784
Battlefield	03-oct-11	8	23	622
Battlefield	03-oct-11	9	19	577
Battlefield	03-oct-11	10	16	526
Battlefield	03-oct-11	11	18	577
Battlefield	03-oct-11	12	20	802
Battlefield	03-oct-11	13	22	683
Battlefield	03-oct-11	14	23	644
Battlefield	03-oct-11	15	27	684
Battlefield	03-oct-11	16	29	732
Battlefield	03-oct-11	17	36	626
Battlefield	03-oct-11	18	32	637
Battlefield	03-oct-11	19	41	696
Battlefield	03-oct-11	20	42	954
Battlefield	03-oct-11	21	37	2326
Battlefield	03-oct-11	22	44	1985
Battlefield	03-oct-11	23	37	769
Battlefield	04-oct-11	0	47	862
Battlefield	04-oct-11	1	51	1046
Battlefield	04-oct-11	2	48	1080
Battlefield	04-oct-11	3	43	774
Battlefield	04-oct-11	4	41	544
Battlefield	04-oct-11	5	33	542
Battlefield	04-oct-11	6	29	496
Battlefield	04-oct-11	7	25	465
Battlefield	04-oct-11	8	16	411
Battlefield	04-oct-11	9	17	308
Battlefield	04-oct-11	10	18	367
Battlefield	04-oct-11	11	21	381
Battlefield	04-oct-11	12	22	388
Battlefield	04-oct-11	13	25	423
Battlefield	04-oct-11	14	27	492
Battlefield	04-oct-11	15	31	571
Battlefield	04-oct-11	16	29	777
Battlefield	04-oct-11	17	39	802
Battlefield	04-oct-11	18	39	611
Battlefield	04-oct-11	19	34	731
Battlefield	04-oct-11	20	34	737
Battlefield	04-oct-11	21	35	475
Battlefield	04-oct-11	22	31	506
Battlefield	04-oct-11	23	45	751
Battlefield	05-oct-11	0	41	579
Battlefield	05-oct-11	1	32	411
Battlefield	05-oct-11	2	30	328
Battlefield	05-oct-11	3	26	327
Battlefield	05-oct-11	4	26	544
Battlefield	05-oct-11	5	23	572
Battlefield	05-oct-11	6	19	341
Battlefield	05-oct-11	7	11	393
Battlefield	05-oct-11	8	12	348
Battlefield	05-oct-11	9	12	265
Battlefield	05-oct-11	10	15	299
Battlefield	05-oct-11	11	22	337
Battlefield	05-oct-11	12	17	377
Battlefield	05-oct-11	13	18	383
Battlefield	05-oct-11	14	20	510
Battlefield	05-oct-11	15	21	537
Battlefield	05-oct-11	16	25	690
Battlefield	05-oct-11	17	34	751
Battlefield	05-oct-11	18	40	824
Battlefield	05-oct-11	19	36	474
Battlefield	05-oct-11	20	37	532
Battlefield	05-oct-11	21	38	467
Battlefield	05-oct-11	22	34	415
Battlefield	05-oct-11	23	29	400
Battlefield	06-oct-11	0	28	642
Battlefield	06-oct-11	1	24	3173
Battlefield	06-oct-11	2	27	3552
Battlefield	06-oct-11	3	34	526
Battlefield	06-oct-11	4	19	282
Battlefield	06-oct-11	5	14	537
Battlefield	06-oct-11	6	21	319
Battlefield	06-oct-11	7	20	270
Battlefield	06-oct-11	8	19	282
Battlefield	06-oct-11	9	16	286
Battlefield	06-oct-11	10	18	240
Battlefield	06-oct-11	11	21	335
Battlefield	06-oct-11	12	17	355
Battlefield	06-oct-11	13	16	320
Battlefield	06-oct-11	14	19	373
Battlefield	06-oct-11	15	23	731
Battlefield	06-oct-11	16	23	400
Battlefield	06-oct-11	17	27	348
Battlefield	06-oct-11	18	22	547
Battlefield	06-oct-11	19	22	576
Battlefield	06-oct-11	20	31	396
Battlefield	06-oct-11	21	24	320
Battlefield	06-oct-11	22	33	353
Battlefield	06-oct-11	23	33	361
Battlefield	07-oct-11	0	38	333
Battlefield	07-oct-11	1	38	345
Battlefield	07-oct-11	2	34	663
Battlefield	07-oct-11	3	27	639
Battlefield	07-oct-11	4	23	328
Battlefield	07-oct-11	5	24	408
Battlefield	07-oct-11	6	19	454
Battlefield	07-oct-11	7	19	353
Battlefield	07-oct-11	8	22	430
Battlefield	07-oct-11	9	23	550
Battlefield	07-oct-11	10	24	532
Battlefield	07-oct-11	11	21	597
Battlefield	07-oct-11	12	25	647
Battlefield	07-oct-11	13	28	788
Battlefield	07-oct-11	14	27	683
Battlefield	07-oct-11	15	34	833
Battlefield	07-oct-11	16	29	719
Battlefield	07-oct-11	17	35	585
Battlefield	07-oct-11	18	44	572
Battlefield	07-oct-11	19	44	657
Battlefield	07-oct-11	20	36	655
Battlefield	07-oct-11	21	39	561
Battlefield	07-oct-11	22	48	1054
Battlefield	07-oct-11	23	51	1075
Battlefield	08-oct-11	0	40	752
Battlefield	08-oct-11	1	36	375
Battlefield	08-oct-11	2	38	401
Battlefield	08-oct-11	3	31	399
Battlefield	08-oct-11	4	23	348
Battlefield	08-oct-11	5	21	441
Battlefield	08-oct-11	6	23	681
Battlefield	08-oct-11	7	23	498
Battlefield	08-oct-11	8	25	365
Battlefield	08-oct-11	9	19	406
Battlefield	08-oct-11	10	24	505
Battlefield	08-oct-11	11	23	395
Battlefield	08-oct-11	12	22	411
Battlefield	08-oct-11	13	24	571
Battlefield	08-oct-11	14	29	815
Battlefield	08-oct-11	15	41	885
Battlefield	08-oct-11	16	47	741
Battlefield	08-oct-11	17	39	810
Battlefield	08-oct-11	18	34	739
Battlefield	08-oct-11	19	28	730
Battlefield	08-oct-11	20	24	592
Battlefield	08-oct-11	21	32	544
Battlefield	08-oct-11	22	38	621
Battlefield	08-oct-11	23	34	521
Battlefield	09-oct-11	0	30	373
Battlefield	09-oct-11	1	27	447
Battlefield	09-oct-11	2	25	382
Battlefield	09-oct-11	3	26	313
Battlefield	09-oct-11	4	20	372
Battlefield	09-oct-11	5	14	345
Battlefield	09-oct-11	6	17	284
Battlefield	09-oct-11	7	20	547
Battlefield	09-oct-11	8	20	537
Battlefield	09-oct-11	9	19	526
Battlefield	09-oct-11	10	21	521
Battlefield	09-oct-11	11	23	478
Battlefield	09-oct-11	12	25	508
Battlefield	09-oct-11	13	23	411
Battlefield	09-oct-11	14	30	416
Battlefield	09-oct-11	15	32	447
Battlefield	09-oct-11	16	30	462
Battlefield	09-oct-11	17	30	557
Battlefield	09-oct-11	18	24	650
Battlefield	09-oct-11	19	17	518
Battlefield	09-oct-11	20	23	1846
Battlefield	09-oct-11	21	21	2600
Battlefield	09-oct-11	22	24	363
Battlefield	09-oct-11	23	21	312
Battlefield	10-oct-11	0	21	331
Battlefield	10-oct-11	1	19	306
Battlefield	10-oct-11	2	19	348
Battlefield	10-oct-11	3	16	267
Battlefield	10-oct-11	4	14	249
Battlefield	10-oct-11	5	10	186
Battlefield	10-oct-11	6	7	233
Battlefield	10-oct-11	7	5	213
Battlefield	10-oct-11	8	3	166
Battlefield	10-oct-11	9	4	149
Battlefield	10-oct-11	10	6	210
Battlefield	10-oct-11	11	6	223
Battlefield	10-oct-11	12	5	243
Battlefield	10-oct-11	13	6	203
Battlefield	10-oct-11	14	9	214
Battlefield	10-oct-11	15	7	194
Battlefield	10-oct-11	16	10	182
Battlefield	10-oct-11	17	9	158
Battlefield	10-oct-11	21	12	186
Battlefield	10-oct-11	22	12	243
Battlefield	10-oct-11	23	10	206
Battlefield	11-oct-11	0	7	362
Battlefield	11-oct-11	1	6	132
Battlefield	11-oct-11	2	8	143
Battlefield	11-oct-11	3	11	134
Battlefield	11-oct-11	4	11	166
Battlefield	11-oct-11	5	9	122
Battlefield	11-oct-11	6	8	91
Battlefield	11-oct-11	7	5	99
Battlefield	11-oct-11	8	3	96
Battlefield	11-oct-11	9	5	117
Battlefield	11-oct-11	10	5	129
Battlefield	11-oct-11	11	4	142
Battlefield	11-oct-11	12	4	174
Battlefield	11-oct-11	13	5	148
Battlefield	11-oct-11	14	6	156
Battlefield	11-oct-11	15	6	161
Battlefield	11-oct-11	16	4	169
Battlefield	11-oct-11	17	3	190
Battlefield	11-oct-11	18	6	168
Battlefield	11-oct-11	19	9	144
Battlefield	11-oct-11	20	8	124
Battlefield	11-oct-11	21	10	132
Battlefield	11-oct-11	22	9	117
Battlefield	11-oct-11	23	8	143
Battlefield	12-oct-11	0	7	97
Battlefield	12-oct-11	1	7	79
Battlefield	12-oct-11	2	8	257
Battlefield	12-oct-11	3	8	271
Battlefield	12-oct-11	4	7	137
Battlefield	12-oct-11	5	2	106
Battlefield	12-oct-11	6	3	115
Battlefield	12-oct-11	7	4	102
Battlefield	12-oct-11	8	5	104
Battlefield	12-oct-11	9	8	1697
Battlefield	12-oct-11	10	5	1901
Battlefield	12-oct-11	11	4	2212
Battlefield	12-oct-11	12	5	2455
Battlefield	12-oct-11	13	5	2473
Battlefield	12-oct-11	14	5	2950
Battlefield	12-oct-11	15	4	3226
Battlefield	12-oct-11	16	8	3662
Battlefield	12-oct-11	17	10	3593
Battlefield	12-oct-11	18	5	3381
Battlefield	12-oct-11	19	9	132
Battlefield	12-oct-11	20	10	119
Battlefield	12-oct-11	21	9	237
Battlefield	12-oct-11	22	9	151
Battlefield	12-oct-11	23	7	130
Battlefield	13-oct-11	0	7	97
Battlefield	13-oct-11	1	9	80
Battlefield	13-oct-11	2	8	218
Battlefield	13-oct-11	3	6	195
Battlefield	13-oct-11	4	6	199
Battlefield	13-oct-11	5	4	83
Battlefield	13-oct-11	6	2	62
Battlefield	13-oct-11	7	5	60
Battlefield	13-oct-11	8	5	46
Battlefield	13-oct-11	9	7	38
Battlefield	13-oct-11	10	4	55
Battlefield	13-oct-11	11	4	57
Battlefield	13-oct-11	12	3	11
Battlefield	13-oct-11	13	3	42
Battlefield	13-oct-11	14	3	77
Battlefield	13-oct-11	15	6	72
Battlefield	13-oct-11	16	6	67
Battlefield	13-oct-11	17	7	93
Battlefield	13-oct-11	18	4	103
Battlefield	13-oct-11	19	5	145
Battlefield	13-oct-11	20	11	152
Battlefield	13-oct-11	21	8	123
Battlefield	13-oct-11	22	10	110
Battlefield	13-oct-11	23	10	131
Battlefield	14-oct-11	0	13	108
Battlefield	14-oct-11	1	11	91
Battlefield	14-oct-11	2	6	147
Battlefield	14-oct-11	3	6	137
Battlefield	14-oct-11	4	8	153
Battlefield	14-oct-11	5	7	127
Battlefield	14-oct-11	6	6	57
Battlefield	14-oct-11	7	5	47
Battlefield	14-oct-11	8	5	39
Battlefield	14-oct-11	9	5	30
Battlefield	14-oct-11	10	5	362
Battlefield	14-oct-11	11	3	21
Battlefield	14-oct-11	12	4	44
Battlefield	14-oct-11	13	3	59
Battlefield	14-oct-11	14	3	60
Battlefield	14-oct-11	15	4	53
Battlefield	14-oct-11	16	6	52
Battlefield	14-oct-11	17	7	68
Battlefield	14-oct-11	18	6	57
Battlefield	14-oct-11	19	5	63
Battlefield	14-oct-11	20	5	80
Battlefield	14-oct-11	21	5	104
Battlefield	14-oct-11	22	6	69
Battlefield	14-oct-11	23	5	67
Battlefield	15-oct-11	0	4	72
Battlefield	15-oct-11	1	5	122
Battlefield	15-oct-11	2	4	144
Battlefield	15-oct-11	3	6	121
Battlefield	15-oct-11	4	13	145
Battlefield	15-oct-11	5	12	118
Battlefield	15-oct-11	6	7	110
Battlefield	15-oct-11	7	7	127
Battlefield	15-oct-11	8	6	148
Battlefield	15-oct-11	9	8	178
Battlefield	15-oct-11	10	9	212
Battlefield	15-oct-11	11	5	193
Battlefield	15-oct-11	12	10	217
Battlefield	15-oct-11	13	7	307
Battlefield	15-oct-11	14	7	342
Battlefield	15-oct-11	15	9	355
Battlefield	15-oct-11	16	14	382
Battlefield	15-oct-11	17	11	520
Battlefield	15-oct-11	18	13	536
Battlefield	15-oct-11	19	9	868
Battlefield	15-oct-11	20	8	1993
Battlefield	15-oct-11	21	12	1727
Battlefield	15-oct-11	22	9	126
Battlefield	15-oct-11	23	6	72
Battlefield	16-oct-11	0	7	99
Battlefield	16-oct-11	1	11	116
Battlefield	16-oct-11	2	13	97
Battlefield	16-oct-11	3	7	72
Battlefield	16-oct-11	4	8	85
Battlefield	16-oct-11	5	6	19
Battlefield	16-oct-11	6	4	14
Battlefield	16-oct-11	7	4	24
Battlefield	16-oct-11	8	5	68
Battlefield	16-oct-11	9	4	65
Battlefield	16-oct-11	10	5	82
Battlefield	16-oct-11	11	3	63
Battlefield	16-oct-11	12	2	64
Battlefield	16-oct-11	13	4	73
Battlefield	16-oct-11	14	5	72
Battlefield	16-oct-11	15	4	67
Battlefield	16-oct-11	16	7	83
Battlefield	16-oct-11	17	8	104
Battlefield	16-oct-11	18	7	247
Battlefield	16-oct-11	19	6	123
Battlefield	16-oct-11	20	6	107
Battlefield	16-oct-11	21	4	106
Battlefield	16-oct-11	22	5	84
Battlefield	16-oct-11	23	5	79
Battlefield	17-oct-11	0	6	70
Battlefield	17-oct-11	1	4	42
Battlefield	17-oct-11	2	5	33
Battlefield	17-oct-11	3	3	12
Battlefield	17-oct-11	4	3	12
Battlefield	17-oct-11	5	5	11
Battlefield	17-oct-11	6	4	81
Battlefield	17-oct-11	7	2	62
Battlefield	17-oct-11	8	1	63
Battlefield	17-oct-11	9	2	86
Battlefield	17-oct-11	10	3	75
Battlefield	17-oct-11	11	2	93
Battlefield	17-oct-11	12	4	99
Battlefield	17-oct-11	13	4	143
Battlefield	17-oct-11	14	3	118
Battlefield	17-oct-11	15	4	193
Battlefield	17-oct-11	16	4	237
Battlefield	17-oct-11	17	6	238
Battlefield	17-oct-11	18	7	201
Battlefield	17-oct-11	19	10	187
Battlefield	17-oct-11	20	4	132
Battlefield	17-oct-11	21	2	101
Battlefield	17-oct-11	22	5	86
Battlefield	17-oct-11	23	5	91
Battlefield	18-oct-11	0	7	100
Battlefield	18-oct-11	1	8	83
Battlefield	18-oct-11	2	5	15
Battlefield	18-oct-11	3	5	103
Battlefield	18-oct-11	4	6	55
Battlefield	18-oct-11	5	11	77
Battlefield	18-oct-11	6	8	106
Battlefield	18-oct-11	7	6	109
Battlefield	18-oct-11	8	6	115
Battlefield	18-oct-11	9	5	107
Battlefield	18-oct-11	10	3	78
Battlefield	18-oct-11	11	1	96
Battlefield	18-oct-11	12	1	97
Battlefield	18-oct-11	13	1	114
Battlefield	18-oct-11	14	1	104
Battlefield	18-oct-11	15	4	155
Battlefield	18-oct-11	16	9	146
Battlefield	18-oct-11	17	8	126
Battlefield	18-oct-11	18	6	411
Battlefield	18-oct-11	19	6	469
Battlefield	18-oct-11	20	5	138
Battlefield	18-oct-11	21	6	89
Battlefield	18-oct-11	22	6	73
Battlefield	18-oct-11	23	9	91
Battlefield	19-oct-11	0	4	70
Battlefield	19-oct-11	1	3	77
Battlefield	19-oct-11	2	3	61
Battlefield	19-oct-11	3	6	78
Battlefield	19-oct-11	4	6	109
Battlefield	19-oct-11	5	5	90
Battlefield	19-oct-11	6	3	56
Battlefield	19-oct-11	7	2	10
Battlefield	19-oct-11	8	2	80
Battlefield	19-oct-11	9	3	88
Battlefield	19-oct-11	10	3	81
Battlefield	19-oct-11	11	4	92
Battlefield	19-oct-11	12	4	109
Battlefield	19-oct-11	13	5	105
Battlefield	19-oct-11	14	3	121
Battlefield	19-oct-11	15	5	129
Battlefield	19-oct-11	16	6	127
Battlefield	19-oct-11	17	5	94
Battlefield	19-oct-11	18	6	190
Battlefield	19-oct-11	19	7	245
Battlefield	19-oct-11	20	6	195
Battlefield	19-oct-11	21	5	75
Battlefield	19-oct-11	22	7	74
Battlefield	19-oct-11	23	7	77
Battlefield	20-oct-11	0	9	69
Battlefield	20-oct-11	1	8	73
Battlefield	20-oct-11	2	6	76
Battlefield	20-oct-11	3	11	92
Battlefield	20-oct-11	4	11	124
Battlefield	20-oct-11	5	10	117
Battlefield	20-oct-11	6	5	73
Battlefield	20-oct-11	7	2	71
Battlefield	20-oct-11	8	2	85
Battlefield	20-oct-11	9	4	64
Battlefield	20-oct-11	10	3	85
Battlefield	20-oct-11	11	2	99
Battlefield	20-oct-11	12	4	73
Battlefield	20-oct-11	13	4	125
Battlefield	20-oct-11	14	3	136
Battlefield	20-oct-11	15	2	133
Battlefield	20-oct-11	16	6	94
Battlefield	20-oct-11	17	6	96
Battlefield	20-oct-11	18	7	103
Battlefield	20-oct-11	19	6	120
Battlefield	20-oct-11	20	5	115
Battlefield	20-oct-11	21	7	91
Battlefield	20-oct-11	22	9	76
Battlefield	20-oct-11	23	8	95
Battlefield	21-oct-11	0	5	83
Battlefield	21-oct-11	1	4	139
Battlefield	21-oct-11	2	3	222
Battlefield	21-oct-11	3	5	221
Battlefield	21-oct-11	4	7	173
Battlefield	21-oct-11	5	12	132
Battlefield	21-oct-11	6	5	21
Battlefield	21-oct-11	7	7	20
Battlefield	21-oct-11	8	5	85
Battlefield	21-oct-11	9	5	96
Battlefield	21-oct-11	10	3	120
Battlefield	21-oct-11	11	3	91
Battlefield	21-oct-11	12	4	114
Battlefield	21-oct-11	13	3	115
Battlefield	21-oct-11	14	4	93
Battlefield	21-oct-11	15	3	102
Battlefield	21-oct-11	16	4	202
Battlefield	21-oct-11	17	5	236
Battlefield	21-oct-11	18	8	245
Battlefield	21-oct-11	19	12	731
Battlefield	21-oct-11	20	9	96
Battlefield	21-oct-11	21	12	462
Battlefield	21-oct-11	22	11	125
Battlefield	21-oct-11	23	9	140
Battlefield	22-oct-11	0	8	91
Battlefield	22-oct-11	1	8	85
Battlefield	22-oct-11	2	13	127
Battlefield	22-oct-11	3	11	177
Battlefield	22-oct-11	4	12	176
Battlefield	22-oct-11	5	12	125
Battlefield	22-oct-11	6	8	120
Battlefield	22-oct-11	7	5	157
Battlefield	22-oct-11	8	2	74
Battlefield	22-oct-11	9	4	81
Battlefield	22-oct-11	10	7	114
Battlefield	22-oct-11	11	3	78
Battlefield	22-oct-11	12	5	111
Battlefield	22-oct-11	13	4	105
Battlefield	22-oct-11	14	8	101
Battlefield	22-oct-11	15	7	139
Battlefield	22-oct-11	16	8	133
Battlefield	22-oct-11	17	10	151
Battlefield	22-oct-11	18	12	170
Battlefield	22-oct-11	19	11	182
Battlefield	22-oct-11	20	16	193
Battlefield	22-oct-11	21	15	153
Battlefield	22-oct-11	22	13	146
Battlefield	22-oct-11	23	12	160
Battlefield	23-oct-11	0	11	156
Battlefield	23-oct-11	1	9	157
Battlefield	23-oct-11	2	11	139
Battlefield	23-oct-11	3	11	147
Battlefield	23-oct-11	4	11	211
Battlefield	23-oct-11	5	11	231
Battlefield	23-oct-11	6	7	319
Battlefield	23-oct-11	7	7	322
Battlefield	23-oct-11	8	4	195
Battlefield	23-oct-11	9	4	92
Battlefield	23-oct-11	10	5	154
Battlefield	23-oct-11	11	7	180
Battlefield	23-oct-11	12	8	160
Battlefield	23-oct-11	13	8	156
Battlefield	23-oct-11	14	8	153
Battlefield	23-oct-11	15	10	165
Battlefield	23-oct-11	16	9	206
Battlefield	23-oct-11	17	11	188
Battlefield	23-oct-11	18	12	211
Battlefield	23-oct-11	19	11	232
Battlefield	23-oct-11	20	17	255
Battlefield	23-oct-11	21	9	204
Battlefield	23-oct-11	22	9	173
Battlefield	23-oct-11	23	7	190
Battlefield	24-oct-11	0	5	214
Battlefield	24-oct-11	1	9	130
Battlefield	24-oct-11	2	12	191
Battlefield	24-oct-11	3	8	172
Battlefield	24-oct-11	4	10	164
Battlefield	24-oct-11	5	10	199
Battlefield	24-oct-11	6	7	169
Battlefield	24-oct-11	7	7	169
Battlefield	24-oct-11	8	6	149
Battlefield	24-oct-11	9	3	312
Battlefield	24-oct-11	10	3	148
Battlefield	24-oct-11	11	3	205
Battlefield	24-oct-11	12	5	229
Battlefield	24-oct-11	13	5	300
Battlefield	24-oct-11	14	8	367
Battlefield	24-oct-11	15	14	1553
Battlefield	24-oct-11	16	26	2586
Battlefield	24-oct-11	17	26	3192
Battlefield	24-oct-11	18	25	1547
Battlefield	24-oct-11	19	33	2586
Battlefield	24-oct-11	20	25	1451
Battlefield	24-oct-11	21	17	1822
Battlefield	24-oct-11	22	23	967
Battlefield	24-oct-11	23	25	855
Battlefield	25-oct-11	0	24	609
Battlefield	25-oct-11	1	31	877
Battlefield	25-oct-11	2	37	1806
Battlefield	25-oct-11	3	57	1808
Battlefield	25-oct-11	4	104	5637
Battlefield	25-oct-11	5	130	6348
Battlefield	25-oct-11	6	129	7469
Battlefield	25-oct-11	7	118	6604
Battlefield	25-oct-11	8	109	5263
Battlefield	25-oct-11	9	90	4926
Battlefield	25-oct-11	10	65	4614
Battlefield	25-oct-11	11	62	3418
Battlefield	25-oct-11	12	63	2937
Battlefield	25-oct-11	13	56	3013
Battlefield	25-oct-11	14	60	3012
Battlefield	25-oct-11	15	61	3139
Battlefield	25-oct-11	16	76	3609
Battlefield	25-oct-11	17	93	3619
Battlefield	25-oct-11	18	102	4127
Battlefield	25-oct-11	19	108	4680
Battlefield	25-oct-11	20	111	4904
Battlefield	25-oct-11	21	110	6841
Battlefield	25-oct-11	22	116	3558
Battlefield	25-oct-11	23	132	3292
Battlefield	26-oct-11	0	122	6409
Battlefield	26-oct-11	1	121	8620
Battlefield	26-oct-11	2	137	7718
Battlefield	26-oct-11	3	129	6647
Battlefield	26-oct-11	4	111	5492
Battlefield	26-oct-11	5	94	4233
Battlefield	26-oct-11	6	77	1991
Battlefield	26-oct-11	7	68	2079
Battlefield	26-oct-11	8	43	1619
Battlefield	26-oct-11	9	38	1549
Battlefield	26-oct-11	10	37	1849
Battlefield	26-oct-11	11	38	1924
Battlefield	26-oct-11	12	35	1825
Battlefield	26-oct-11	13	45	1781
Battlefield	26-oct-11	14	54	2247
Battlefield	26-oct-11	15	51	2761
Battlefield	26-oct-11	16	55	2787
Battlefield	26-oct-11	17	68	2880
Battlefield	26-oct-11	18	71	3489
Battlefield	26-oct-11	19	72	4455
Battlefield	26-oct-11	20	77	3998
Battlefield	26-oct-11	21	84	3779
Battlefield	26-oct-11	22	88	2961
Battlefield	26-oct-11	23	88	2664
Battlefield	27-oct-11	0	97	2753
Battlefield	27-oct-11	1	113	11711
Battlefield	27-oct-11	2	108	13591
Battlefield	27-oct-11	3	120	8166
Battlefield	27-oct-11	4	109	7750
Battlefield	27-oct-11	5	103	5883
Battlefield	27-oct-11	6	77	2761
Battlefield	27-oct-11	7	58	2673
Battlefield	27-oct-11	8	51	2538
Battlefield	27-oct-11	9	47	2640
Battlefield	27-oct-11	10	50	3084
Battlefield	27-oct-11	11	40	3416
Battlefield	27-oct-11	12	53	3349
Battlefield	27-oct-11	13	51	3423
Battlefield	27-oct-11	14	59	3682
Battlefield	27-oct-11	15	64	4040
Battlefield	27-oct-11	16	69	4112
Battlefield	27-oct-11	17	65	4360
Battlefield	27-oct-11	18	69	5170
Battlefield	27-oct-11	19	79	4897
Battlefield	27-oct-11	20	99	5494
Battlefield	27-oct-11	21	88	5046
Battlefield	27-oct-11	22	111	3653
Battlefield	27-oct-11	23	97	2011
Battlefield	28-oct-11	0	95	2099
Battlefield	28-oct-11	1	96	2070
Battlefield	28-oct-11	2	89	2230
Battlefield	28-oct-11	3	75	2281
Battlefield	28-oct-11	4	74	1844
Battlefield	28-oct-11	5	71	1679
Battlefield	28-oct-11	6	65	1430
Battlefield	28-oct-11	7	59	1486
Battlefield	28-oct-11	8	64	1279
Battlefield	28-oct-11	9	52	1294
Battlefield	28-oct-11	10	59	1349
Battlefield	28-oct-11	11	50	1241
Battlefield	28-oct-11	12	55	1286
Battlefield	28-oct-11	13	68	1545
Battlefield	28-oct-11	14	55	1986
Battlefield	28-oct-11	15	53	1913
Battlefield	28-oct-11	16	64	2079
Battlefield	28-oct-11	17	71	2174
Battlefield	28-oct-11	18	78	1669
Battlefield	28-oct-11	19	87	2062
Battlefield	28-oct-11	20	87	1851
Battlefield	28-oct-11	21	91	1975
Battlefield	28-oct-11	22	89	2383
Battlefield	28-oct-11	23	100	2605
Battlefield	29-oct-11	0	101	2131
Battlefield	29-oct-11	1	98	2384
Battlefield	29-oct-11	2	96	1834
Battlefield	29-oct-11	3	89	2121
Battlefield	29-oct-11	4	81	2874
Battlefield	29-oct-11	5	81	2640
Battlefield	29-oct-11	6	81	2198
Battlefield	29-oct-11	7	67	1956
Battlefield	29-oct-11	8	64	2007
Battlefield	29-oct-11	9	62	1324
Battlefield	29-oct-11	10	52	1259
Battlefield	29-oct-11	11	46	1158
Battlefield	29-oct-11	12	39	1261
Battlefield	29-oct-11	13	46	1573
Battlefield	29-oct-11	14	51	1458
Battlefield	29-oct-11	15	56	1249
Battlefield	29-oct-11	16	69	1257
Battlefield	29-oct-11	17	72	1351
Battlefield	29-oct-11	18	77	1452
Battlefield	29-oct-11	19	79	2055
Battlefield	29-oct-11	20	77	1467
Battlefield	29-oct-11	21	84	1469
Battlefield	29-oct-11	22	98	1911
Battlefield	29-oct-11	23	92	1504
Battlefield	30-oct-11	0	83	1421
Battlefield	30-oct-11	1	89	1386
Battlefield	30-oct-11	2	95	2690
Battlefield	30-oct-11	3	79	2723
Battlefield	30-oct-11	4	80	2823
Battlefield	30-oct-11	5	84	1716
Battlefield	30-oct-11	6	78	2040
Battlefield	30-oct-11	7	55	1426
Battlefield	30-oct-11	8	46	1383
Battlefield	30-oct-11	9	44	1538
Battlefield	30-oct-11	10	38	1295
Battlefield	30-oct-11	11	43	1213
Battlefield	30-oct-11	12	38	1420
Battlefield	30-oct-11	13	32	1079
Battlefield	30-oct-11	14	40	1237
Battlefield	30-oct-11	15	55	1579
Battlefield	30-oct-11	16	61	1863
Battlefield	30-oct-11	17	66	1630
Battlefield	30-oct-11	18	74	1685
Battlefield	30-oct-11	19	70	2030
Battlefield	30-oct-11	20	74	2037
Battlefield	30-oct-11	21	67	2018
Battlefield	30-oct-11	22	62	1695
Battlefield	30-oct-11	23	60	1587
Battlefield	31-oct-11	0	69	1829
Battlefield	31-oct-11	1	72	1276
Battlefield	31-oct-11	2	75	1558
Battlefield	31-oct-11	3	77	1936
Battlefield	31-oct-11	4	65	1922
Battlefield	31-oct-11	5	64	1960
Battlefield	31-oct-11	6	56	1690
Battlefield	31-oct-11	7	49	1439
Battlefield	31-oct-11	8	38	1365
Battlefield	31-oct-11	9	30	704
Battlefield	31-oct-11	10	32	727
Battlefield	31-oct-11	11	29	681
Battlefield	31-oct-11	12	33	914
Battlefield	31-oct-11	13	38	963
Battlefield	31-oct-11	14	38	1263
Battlefield	31-oct-11	15	38	1353
Battlefield	31-oct-11	16	39	1429
Battlefield	31-oct-11	17	50	1313
Battlefield	31-oct-11	18	60	1700
Battlefield	31-oct-11	19	65	1735
Battlefield	31-oct-11	20	73	2573
Battlefield	31-oct-11	21	73	4364
Battlefield	31-oct-11	22	72	4342
Battlefield	31-oct-11	23	68	1810
Battlefield	01-nov-11	0	63	1826
Battlefield	01-nov-11	1	64	1586
Battlefield	01-nov-11	2	71	1664
Battlefield	01-nov-11	3	66	2031
Battlefield	01-nov-11	4	55	1451
Battlefield	01-nov-11	5	44	1163
Battlefield	01-nov-11	6	41	1076
Battlefield	01-nov-11	7	36	1067
Battlefield	01-nov-11	8	28	754
Battlefield	01-nov-11	9	32	847
Battlefield	01-nov-11	10	29	740
Battlefield	01-nov-11	11	26	717
Battlefield	01-nov-11	12	31	865
Battlefield	01-nov-11	13	33	1114
Battlefield	01-nov-11	14	38	1193
Battlefield	01-nov-11	15	49	1960
Battlefield	01-nov-11	16	42	1799
Battlefield	03-nov-11	15	35	812
Battlefield	03-nov-11	16	43	1223
Battlefield	03-nov-11	17	44	1237
Battlefield	03-nov-11	18	56	1084
Battlefield	03-nov-11	19	60	1264
Battlefield	03-nov-11	20	69	1510
Battlefield	03-nov-11	21	69	1527
Battlefield	03-nov-11	22	76	1934
Battlefield	03-nov-11	23	81	1725
Battlefield	04-nov-11	0	88	1511
Battlefield	04-nov-11	1	74	1366
Battlefield	04-nov-11	2	61	1582
Battlefield	04-nov-11	3	57	1641
Battlefield	04-nov-11	4	67	1851
Battlefield	04-nov-11	5	59	1632
Battlefield	04-nov-11	6	52	1412
Battlefield	04-nov-11	7	37	815
Battlefield	04-nov-11	8	26	520
Battlefield	04-nov-11	9	25	470
Battlefield	04-nov-11	10	20	373
Battlefield	04-nov-11	11	22	403
Battlefield	04-nov-11	12	24	405
Battlefield	04-nov-11	13	30	525
Battlefield	04-nov-11	14	33	576
Battlefield	04-nov-11	15	39	793
Battlefield	04-nov-11	16	41	891
Battlefield	04-nov-11	17	45	968
Battlefield	04-nov-11	18	44	831
Battlefield	04-nov-11	19	43	836
Battlefield	04-nov-11	20	51	959
Battlefield	04-nov-11	21	66	929
Battlefield	04-nov-11	22	61	1157
Battlefield	04-nov-11	23	65	1247
Battlefield	05-nov-11	0	76	1396
Battlefield	05-nov-11	1	67	1469
Battlefield	05-nov-11	2	67	1660
Battlefield	05-nov-11	3	65	1517
Battlefield	05-nov-11	4	65	1592
Battlefield	05-nov-11	5	76	1627
Battlefield	05-nov-11	6	66	1285
Battlefield	05-nov-11	7	58	1061
Battlefield	05-nov-11	8	46	994
Battlefield	05-nov-11	9	40	889
Battlefield	05-nov-11	10	40	746
Battlefield	05-nov-11	11	35	621
Battlefield	05-nov-11	12	37	651
Battlefield	05-nov-11	13	39	834
Battlefield	05-nov-11	14	39	794
Battlefield	05-nov-11	15	39	649
Battlefield	05-nov-11	16	43	724
Battlefield	05-nov-11	17	52	789
Battlefield	05-nov-11	18	64	1148
Battlefield	05-nov-11	19	64	1282
Battlefield	05-nov-11	20	58	1735
Battlefield	05-nov-11	21	67	1731
Battlefield	05-nov-11	22	63	1494
Battlefield	05-nov-11	23	79	1271
Battlefield	06-nov-11	0	77	1464
Battlefield	06-nov-11	1	66	1476
Battlefield	06-nov-11	2	75	1698
Battlefield	06-nov-11	3	72	1878
Battlefield	06-nov-11	4	79	1836
Battlefield	06-nov-11	5	72	2446
Battlefield	06-nov-11	6	60	1993
Battlefield	06-nov-11	7	58	1737
Battlefield	06-nov-11	8	44	1122
Battlefield	06-nov-11	9	41	1118
Battlefield	06-nov-11	10	35	819
Battlefield	06-nov-11	11	30	865
Battlefield	06-nov-11	12	31	852
Battlefield	06-nov-11	13	32	800
Battlefield	06-nov-11	14	39	776
Battlefield	06-nov-11	15	39	1025
Battlefield	06-nov-11	16	45	1239
Battlefield	06-nov-11	17	42	1251
Battlefield	06-nov-11	18	56	1327
Battlefield	06-nov-11	19	61	1276
Battlefield	06-nov-11	20	54	1054
Battlefield	06-nov-11	21	58	1062
Battlefield	06-nov-11	22	60	1248
Battlefield	06-nov-11	23	55	1350
Battlefield	07-nov-11	0	51	1195
Battlefield	07-nov-11	1	49	1196
Battlefield	07-nov-11	2	56	1308
Battlefield	07-nov-11	3	53	1212
Battlefield	07-nov-11	4	46	1078
Battlefield	07-nov-11	5	47	805
Battlefield	07-nov-11	6	57	706
Battlefield	07-nov-11	7	48	714
Battlefield	07-nov-11	8	42	721
Battlefield	07-nov-11	9	41	884
Battlefield	07-nov-11	10	32	669
Battlefield	07-nov-11	11	27	516
Battlefield	07-nov-11	12	25	459
Battlefield	07-nov-11	13	22	551
Battlefield	07-nov-11	14	21	474
Battlefield	07-nov-11	15	27	611
Battlefield	07-nov-11	16	33	583
Battlefield	07-nov-11	17	31	804
Battlefield	07-nov-11	18	28	1065
Battlefield	07-nov-11	19	34	1012
Battlefield	07-nov-11	20	44	924
Battlefield	07-nov-11	21	40	1017
Battlefield	07-nov-11	22	39	1077
Battlefield	07-nov-11	23	40	938
Battlefield	08-nov-11	0	42	1004
Battlefield	08-nov-11	1	44	830
Battlefield	08-nov-11	2	46	771
Battlefield	08-nov-11	3	39	827
Battlefield	08-nov-11	4	37	740
Battlefield	08-nov-11	5	45	908
Battlefield	08-nov-11	6	48	996
Battlefield	08-nov-11	7	47	777
Battlefield	08-nov-11	8	43	647
Battlefield	08-nov-11	9	32	480
Battlefield	08-nov-11	10	32	370
Battlefield	08-nov-11	11	28	334
Battlefield	08-nov-11	12	36	434
Battlefield	08-nov-11	13	25	478
Battlefield	08-nov-11	14	31	528
Battlefield	08-nov-11	15	26	591
Battlefield	08-nov-11	16	27	594
Battlefield	08-nov-11	17	35	691
Battlefield	08-nov-11	18	38	573
Battlefield	08-nov-11	19	40	596
Battlefield	08-nov-11	20	36	531
Battlefield	08-nov-11	21	38	526
Battlefield	08-nov-11	22	43	578
Battlefield	08-nov-11	23	38	515
Battlefield	09-nov-11	0	40	493
Battlefield	09-nov-11	1	42	431
Battlefield	09-nov-11	2	43	456
Battlefield	09-nov-11	3	48	587
Battlefield	09-nov-11	4	35	434
Battlefield	09-nov-11	5	57	532
Battlefield	09-nov-11	6	45	596
Battlefield	09-nov-11	7	45	586
Battlefield	09-nov-11	8	38	456
Battlefield	09-nov-11	9	29	599
Battlefield	09-nov-11	10	27	195
Battlefield	09-nov-11	11	26	198
Battlefield	09-nov-11	12	26	530
Battlefield	09-nov-11	13	19	441
Battlefield	09-nov-11	14	16	352
Battlefield	09-nov-11	15	15	382
Battlefield	09-nov-11	16	24	458
Battlefield	09-nov-11	17	26	476
Battlefield	09-nov-11	18	30	557
Battlefield	09-nov-11	19	28	664
Battlefield	09-nov-11	20	34	589
Battlefield	09-nov-11	21	38	1592
Battlefield	09-nov-11	22	38	1527
Battlefield	09-nov-11	23	40	1303
Battlefield	10-nov-11	0	39	579
Battlefield	10-nov-11	1	43	593
Battlefield	10-nov-11	2	44	399
Battlefield	10-nov-11	3	42	379
Battlefield	10-nov-11	4	40	346
Battlefield	10-nov-11	5	43	457
Battlefield	10-nov-11	6	40	546
Battlefield	10-nov-11	7	38	571
Battlefield	10-nov-11	8	35	541
Battlefield	10-nov-11	9	31	276
Battlefield	10-nov-11	10	27	300
Battlefield	10-nov-11	11	18	336
Battlefield	10-nov-11	12	15	344
Battlefield	10-nov-11	13	14	348
Battlefield	10-nov-11	14	19	424
Battlefield	10-nov-11	15	22	398
Battlefield	10-nov-11	16	20	490
Battlefield	10-nov-11	17	24	545
Battlefield	10-nov-11	18	24	386
Battlefield	10-nov-11	19	19	371
Battlefield	10-nov-11	20	23	513
Battlefield	10-nov-11	21	25	681
Battlefield	10-nov-11	22	30	884
Battlefield	10-nov-11	23	34	748
Battlefield	11-nov-11	0	37	798
Battlefield	11-nov-11	1	37	753
Battlefield	11-nov-11	2	36	564
Battlefield	11-nov-11	3	38	650
Battlefield	11-nov-11	4	33	678
Battlefield	11-nov-11	5	35	700
Battlefield	11-nov-11	6	42	306
Battlefield	11-nov-11	7	44	394
Battlefield	11-nov-11	8	34	202
Battlefield	11-nov-11	9	21	123
Battlefield	11-nov-11	10	19	138
Battlefield	11-nov-11	11	23	156
Battlefield	11-nov-11	12	21	271
Battlefield	11-nov-11	13	21	345
Battlefield	11-nov-11	14	18	355
Battlefield	11-nov-11	15	22	454
Battlefield	11-nov-11	16	25	569
Battlefield	11-nov-11	17	29	627
Battlefield	11-nov-11	18	40	788
Battlefield	11-nov-11	19	30	267
Battlefield	11-nov-11	20	28	273
Battlefield	11-nov-11	21	32	433
Battlefield	11-nov-11	22	40	406
Battlefield	11-nov-11	23	33	444
Battlefield	12-nov-11	0	36	304
Battlefield	12-nov-11	1	36	351
Battlefield	12-nov-11	2	29	338
Battlefield	12-nov-11	3	37	629
Battlefield	12-nov-11	4	37	965
Battlefield	12-nov-11	5	33	607
Battlefield	12-nov-11	6	32	262
Battlefield	12-nov-11	7	26	1199
Battlefield	12-nov-11	8	23	1052
Battlefield	12-nov-11	9	20	296
Battlefield	12-nov-11	10	18	291
Battlefield	12-nov-11	11	17	169
Battlefield	12-nov-11	12	17	184
Battlefield	12-nov-11	13	21	163
Battlefield	12-nov-11	14	23	197
Battlefield	12-nov-11	15	26	281
Battlefield	12-nov-11	16	27	272
Battlefield	12-nov-11	17	28	306
Battlefield	12-nov-11	18	27	275
Battlefield	12-nov-11	19	29	382
Battlefield	12-nov-11	20	39	408
Battlefield	12-nov-11	21	28	322
Battlefield	12-nov-11	22	31	340
Battlefield	12-nov-11	23	30	260
Battlefield	13-nov-11	0	35	347
Battlefield	13-nov-11	1	38	583
Battlefield	13-nov-11	2	36	702
Battlefield	13-nov-11	3	26	209
Battlefield	13-nov-11	4	23	120
Battlefield	13-nov-11	5	33	829
Battlefield	13-nov-11	6	28	271
Battlefield	13-nov-11	7	32	155
Battlefield	13-nov-11	8	31	168
Battlefield	13-nov-11	12	16	293
Battlefield	13-nov-11	13	22	434
Battlefield	13-nov-11	14	22	365
Battlefield	13-nov-11	15	29	341
Battlefield	13-nov-11	16	29	372
Battlefield	13-nov-11	17	32	725
Battlefield	13-nov-11	18	35	670
Battlefield	13-nov-11	19	29	918
Battlefield	13-nov-11	20	40	669
Battlefield	13-nov-11	21	43	585
Battlefield	13-nov-11	22	37	711
Battlefield	13-nov-11	23	22	357
Battlefield	14-nov-11	0	28	310
Battlefield	14-nov-11	1	28	282
Battlefield	14-nov-11	2	28	480
Battlefield	14-nov-11	3	27	476
Battlefield	14-nov-11	4	21	181
Battlefield	14-nov-11	5	19	162
Battlefield	14-nov-11	6	19	170
Battlefield	14-nov-11	7	17	143
Battlefield	14-nov-11	8	14	187
Battlefield	14-nov-11	9	13	105
Battlefield	14-nov-11	10	14	92
Battlefield	14-nov-11	11	14	92
Battlefield	14-nov-11	12	16	485
Battlefield	14-nov-11	13	19	371
Battlefield	14-nov-11	14	22	393
Battlefield	14-nov-11	15	28	455
Battlefield	14-nov-11	16	25	480
Battlefield	14-nov-11	17	19	478
Battlefield	14-nov-11	18	21	458
Battlefield	14-nov-11	19	26	418
Battlefield	14-nov-11	20	22	427
Battlefield	14-nov-11	21	33	593
Battlefield	14-nov-11	22	36	549
Battlefield	14-nov-11	23	37	662
Battlefield	15-nov-11	0	37	636
Battlefield	15-nov-11	1	27	291
Battlefield	15-nov-11	2	29	476
Battlefield	15-nov-11	3	32	394
Battlefield	15-nov-11	4	30	318
Battlefield	15-nov-11	5	25	303
Battlefield	15-nov-11	6	15	338
Battlefield	15-nov-11	7	8	213
Battlefield	15-nov-11	8	9	201
Battlefield	15-nov-11	9	12	205
Battlefield	15-nov-11	10	10	216
Battlefield	15-nov-11	11	16	232
Battlefield	15-nov-11	12	18	291
Battlefield	15-nov-11	13	19	373
Battlefield	15-nov-11	14	19	415
Battlefield	15-nov-11	15	25	438
Battlefield	15-nov-11	16	22	298
Battlefield	15-nov-11	17	21	328
Battlefield	15-nov-11	18	22	404
Battlefield	15-nov-11	19	21	523
Battlefield	15-nov-11	20	25	651
Battlefield	15-nov-11	21	22	342
Battlefield	15-nov-11	22	25	335
Battlefield	15-nov-11	23	24	355
Battlefield	16-nov-11	0	32	423
Battlefield	16-nov-11	1	31	605
Battlefield	16-nov-11	2	27	545
Battlefield	16-nov-11	3	24	554
Battlefield	16-nov-11	4	27	239
Battlefield	16-nov-11	5	27	285
Battlefield	16-nov-11	6	20	275
Battlefield	16-nov-11	7	17	148
Battlefield	16-nov-11	8	15	191
Battlefield	16-nov-11	9	13	173
Battlefield	16-nov-11	10	15	197
Battlefield	16-nov-11	11	11	237
Battlefield	16-nov-11	12	13	207
Battlefield	16-nov-11	13	15	271
Battlefield	16-nov-11	14	20	290
Battlefield	16-nov-11	15	19	314
Battlefield	16-nov-11	16	17	343
Battlefield	16-nov-11	17	19	416
Battlefield	16-nov-11	18	22	349
Battlefield	16-nov-11	19	20	365
Battlefield	16-nov-11	20	24	297
Battlefield	16-nov-11	21	27	320
Battlefield	16-nov-11	22	33	396
Battlefield	16-nov-11	23	22	235
Battlefield	17-nov-11	0	25	247
Battlefield	17-nov-11	1	26	255
Battlefield	17-nov-11	2	27	302
Battlefield	17-nov-11	3	34	302
Battlefield	17-nov-11	4	29	299
Battlefield	17-nov-11	5	26	234
Battlefield	17-nov-11	6	29	244
Battlefield	17-nov-11	7	28	324
Battlefield	17-nov-11	8	25	237
Battlefield	17-nov-11	9	19	301
Battlefield	17-nov-11	10	20	252
Battlefield	17-nov-11	11	21	266
Battlefield	17-nov-11	12	23	289
Battlefield	17-nov-11	13	23	676
Battlefield	17-nov-11	14	19	586
Battlefield	17-nov-11	15	22	534
Battlefield	17-nov-11	16	20	544
Battlefield	17-nov-11	17	19	504
Battlefield	17-nov-11	18	18	372
Battlefield	17-nov-11	19	23	532
Battlefield	17-nov-11	20	28	473
Battlefield	17-nov-11	21	27	634
Battlefield	17-nov-11	22	33	488
Battlefield	17-nov-11	23	35	355
Battlefield	18-nov-11	0	37	515
Battlefield	18-nov-11	1	37	655
Battlefield	18-nov-11	2	38	671
Battlefield	18-nov-11	3	42	737
Battlefield	18-nov-11	4	35	921
Battlefield	18-nov-11	5	28	798
Battlefield	18-nov-11	6	25	244
Battlefield	18-nov-11	7	12	172
Battlefield	18-nov-11	8	12	164
Battlefield	18-nov-11	9	11	222
Battlefield	18-nov-11	10	10	140
Battlefield	18-nov-11	11	9	173
Battlefield	18-nov-11	12	9	150
Battlefield	18-nov-11	13	20	215
Battlefield	18-nov-11	14	25	455
Battlefield	18-nov-11	15	18	726
Battlefield	18-nov-11	16	19	1096
Battlefield	18-nov-11	17	21	517
Battlefield	18-nov-11	18	19	707
Battlefield	18-nov-11	19	20	843
Battlefield	18-nov-11	20	27	334
Battlefield	18-nov-11	21	27	358
Battlefield	18-nov-11	22	20	304
Battlefield	18-nov-11	23	24	388
Battlefield	19-nov-11	0	31	585
Battlefield	19-nov-11	1	31	269
Battlefield	19-nov-11	2	35	295
Battlefield	19-nov-11	3	30	284
Battlefield	19-nov-11	4	25	257
Battlefield	19-nov-11	5	30	242
Battlefield	19-nov-11	6	30	188
Battlefield	19-nov-11	7	27	179
Battlefield	19-nov-11	8	21	161
Battlefield	19-nov-11	9	16	176
Battlefield	19-nov-11	10	15	259
Battlefield	19-nov-11	11	18	300
Battlefield	19-nov-11	12	18	138
Battlefield	19-nov-11	13	26	191
Battlefield	19-nov-11	14	26	221
Battlefield	19-nov-11	15	30	299
Battlefield	19-nov-11	16	25	488
Battlefield	19-nov-11	17	27	366
Battlefield	19-nov-11	18	21	347
Battlefield	19-nov-11	19	28	351
Battlefield	19-nov-11	20	27	310
Battlefield	19-nov-11	21	31	421
Battlefield	19-nov-11	22	34	440
Battlefield	19-nov-11	23	24	277
Battlefield	20-nov-11	0	22	319
Battlefield	20-nov-11	1	21	259
Battlefield	20-nov-11	2	26	400
Battlefield	20-nov-11	3	23	237
Battlefield	20-nov-11	4	24	230
Battlefield	20-nov-11	5	21	214
Battlefield	20-nov-11	6	17	186
Battlefield	20-nov-11	7	17	202
Battlefield	20-nov-11	8	17	258
Battlefield	20-nov-11	9	17	256
Battlefield	20-nov-11	10	17	329
Battlefield	20-nov-11	11	17	267
Battlefield	20-nov-11	12	17	313
Battlefield	20-nov-11	13	18	284
Battlefield	20-nov-11	14	20	337
Battlefield	20-nov-11	15	21	339
Battlefield	20-nov-11	16	20	314
Battlefield	20-nov-11	17	17	287
Battlefield	20-nov-11	18	19	259
Battlefield	20-nov-11	19	18	373
Battlefield	20-nov-11	20	23	317
Battlefield	20-nov-11	21	30	272
Battlefield	20-nov-11	22	31	249
Battlefield	20-nov-11	23	22	268
Battlefield	21-nov-11	0	21	230
Battlefield	21-nov-11	1	20	259
Battlefield	21-nov-11	2	20	322
Battlefield	21-nov-11	3	25	396
Battlefield	21-nov-11	4	23	312
Battlefield	21-nov-11	5	16	225
Battlefield	21-nov-11	6	13	217
Battlefield	21-nov-11	7	13	222
Battlefield	21-nov-11	8	12	219
Battlefield	21-nov-11	9	14	226
Battlefield	21-nov-11	10	15	266
Battlefield	21-nov-11	11	16	227
Battlefield	21-nov-11	12	21	266
Battlefield	21-nov-11	13	25	256
Battlefield	21-nov-11	14	29	504
Battlefield	21-nov-11	15	20	393
Battlefield	21-nov-11	16	20	424
Battlefield	21-nov-11	17	19	515
Battlefield	21-nov-11	18	16	529
Battlefield	21-nov-11	19	24	536
Battlefield	21-nov-11	20	26	653
Battlefield	21-nov-11	21	28	648
Battlefield	21-nov-11	22	29	616
Battlefield	21-nov-11	23	36	553
Battlefield	22-nov-11	0	33	399
Battlefield	22-nov-11	1	31	341
Battlefield	22-nov-11	2	27	181
Battlefield	22-nov-11	3	27	194
Battlefield	22-nov-11	4	22	299
Battlefield	22-nov-11	5	21	355
Battlefield	22-nov-11	6	18	311
Battlefield	22-nov-11	7	15	216
Battlefield	22-nov-11	8	8	143
Battlefield	22-nov-11	9	15	151
Battlefield	22-nov-11	10	16	216
Battlefield	22-nov-11	11	17	208
Battlefield	22-nov-11	12	21	307
Battlefield	22-nov-11	13	22	326
Battlefield	22-nov-11	14	27	425
Battlefield	22-nov-11	15	31	482
Battlefield	22-nov-11	16	27	561
Battlefield	22-nov-11	17	26	387
Battlefield	22-nov-11	18	27	379
Battlefield	22-nov-11	19	29	466
Battlefield	22-nov-11	20	23	570
Battlefield	22-nov-11	21	29	512
Battlefield	22-nov-11	22	35	493
Battlefield	22-nov-11	23	38	519
Battlefield	23-nov-11	0	29	314
Battlefield	23-nov-11	1	32	305
Battlefield	23-nov-11	2	32	276
Battlefield	23-nov-11	3	30	300
Battlefield	23-nov-11	4	35	305
Battlefield	23-nov-11	5	23	259
Battlefield	23-nov-11	6	29	288
Battlefield	23-nov-11	7	23	194
Battlefield	23-nov-11	8	20	253
Battlefield	23-nov-11	9	12	194
Battlefield	23-nov-11	10	14	197
Battlefield	23-nov-11	11	19	259
Battlefield	23-nov-11	12	13	171
Battlefield	23-nov-11	13	14	179
Battlefield	23-nov-11	14	16	267
Battlefield	23-nov-11	15	20	312
Battlefield	23-nov-11	16	18	507
Battlefield	23-nov-11	17	26	581
Battlefield	23-nov-11	18	29	712
Battlefield	23-nov-11	19	22	592
Battlefield	23-nov-11	20	25	591
Battlefield	23-nov-11	21	21	605
Battlefield	23-nov-11	22	27	672
Battlefield	23-nov-11	23	30	451
Battlefield	24-nov-11	0	28	317
Battlefield	24-nov-11	1	30	361
Battlefield	24-nov-11	2	34	364
Battlefield	24-nov-11	3	26	382
Battlefield	24-nov-11	4	26	385
Battlefield	24-nov-11	5	28	433
Battlefield	24-nov-11	6	28	376
Battlefield	24-nov-11	7	24	266
Battlefield	24-nov-11	8	21	244
Battlefield	24-nov-11	9	21	258
Battlefield	24-nov-11	10	19	277
Battlefield	24-nov-11	11	18	246
Battlefield	24-nov-11	12	16	238
Battlefield	24-nov-11	13	17	263
Battlefield	24-nov-11	14	18	360
Battlefield	24-nov-11	15	22	395
Battlefield	24-nov-11	16	23	283
Battlefield	24-nov-11	17	28	322
Battlefield	24-nov-11	18	26	284
Battlefield	24-nov-11	19	30	398
Battlefield	24-nov-11	20	29	413
Battlefield	24-nov-11	21	27	415
Battlefield	24-nov-11	22	26	283
Battlefield	24-nov-11	23	23	319
Battlefield	25-nov-11	0	24	420
Battlefield	25-nov-11	1	26	441
Battlefield	25-nov-11	2	24	345
Battlefield	25-nov-11	3	20	303
Battlefield	25-nov-11	4	30	406
Battlefield	25-nov-11	5	29	346
Battlefield	25-nov-11	6	29	400
Battlefield	25-nov-11	7	26	375
Battlefield	25-nov-11	8	21	307
Battlefield	25-nov-11	9	17	239
Battlefield	25-nov-11	10	18	222
Battlefield	25-nov-11	11	19	217
Battlefield	25-nov-11	12	18	253
Battlefield	25-nov-11	13	20	257
Battlefield	25-nov-11	14	24	265
Battlefield	25-nov-11	15	26	250
Battlefield	25-nov-11	16	27	283
Battlefield	25-nov-11	17	25	314
Battlefield	25-nov-11	18	23	280
Battlefield	25-nov-11	19	21	346
Battlefield	25-nov-11	20	21	461
Battlefield	25-nov-11	21	27	512
Battlefield	25-nov-11	22	33	302
Battlefield	25-nov-11	23	31	348
Battlefield	26-nov-11	0	30	382
Battlefield	26-nov-11	1	27	431
Battlefield	26-nov-11	2	22	322
Battlefield	26-nov-11	3	24	306
Battlefield	26-nov-11	4	27	367
Battlefield	26-nov-11	5	26	259
Battlefield	26-nov-11	6	25	251
Battlefield	26-nov-11	7	20	201
Battlefield	26-nov-11	8	18	130
Battlefield	26-nov-11	9	17	184
Battlefield	26-nov-11	10	15	182
Battlefield	26-nov-11	11	23	240
Battlefield	26-nov-11	12	20	212
Battlefield	26-nov-11	13	19	235
Battlefield	26-nov-11	14	22	223
Battlefield	26-nov-11	15	22	256
Battlefield	26-nov-11	16	25	278
Battlefield	26-nov-11	17	23	266
Battlefield	26-nov-11	18	23	271
Battlefield	26-nov-11	19	24	296
Battlefield	26-nov-11	20	23	346
Battlefield	26-nov-11	21	24	467
Battlefield	26-nov-11	22	22	472
Battlefield	26-nov-11	23	22	400
Battlefield	27-nov-11	0	19	426
Battlefield	27-nov-11	1	34	393
Battlefield	27-nov-11	2	30	486
Battlefield	27-nov-11	3	33	593
Battlefield	27-nov-11	4	34	513
Battlefield	27-nov-11	5	33	546
Battlefield	27-nov-11	6	19	357
Battlefield	27-nov-11	7	21	431
Battlefield	27-nov-11	8	21	338
Battlefield	27-nov-11	9	21	364
Battlefield	27-nov-11	10	22	415
Battlefield	27-nov-11	11	20	295
Battlefield	27-nov-11	12	20	318
Battlefield	27-nov-11	13	21	429
Battlefield	27-nov-11	14	20	488
Battlefield	27-nov-11	15	24	290
Battlefield	27-nov-11	16	21	374
Battlefield	27-nov-11	17	23	321
Battlefield	27-nov-11	18	20	333
Battlefield	27-nov-11	19	28	441
Battlefield	27-nov-11	20	31	577
Battlefield	27-nov-11	21	35	574
Battlefield	27-nov-11	22	35	576
Battlefield	27-nov-11	23	34	543
Battlefield	28-nov-11	0	29	425
Battlefield	28-nov-11	1	27	691
Battlefield	28-nov-11	2	20	649
Battlefield	28-nov-11	3	21	616
Battlefield	28-nov-11	4	18	592
Battlefield	28-nov-11	5	22	510
Battlefield	28-nov-11	6	19	300
Battlefield	28-nov-11	7	19	138
Battlefield	28-nov-11	8	21	132
Battlefield	28-nov-11	9	21	171
Battlefield	28-nov-11	10	16	237
Battlefield	28-nov-11	11	24	313
Battlefield	28-nov-11	12	24	272
Battlefield	28-nov-11	13	28	278
Battlefield	28-nov-11	14	27	509
Battlefield	28-nov-11	15	21	487
Battlefield	28-nov-11	16	24	565
Battlefield	28-nov-11	17	22	334
Battlefield	28-nov-11	18	22	331
Battlefield	28-nov-11	19	24	307
Battlefield	28-nov-11	20	25	452
Battlefield	28-nov-11	21	27	513
Battlefield	28-nov-11	22	28	538
Battlefield	28-nov-11	23	23	448
Battlefield	29-nov-11	0	26	478
Battlefield	29-nov-11	1	24	463
Battlefield	29-nov-11	2	27	454
Battlefield	29-nov-11	3	25	439
Battlefield	29-nov-11	4	28	213
Battlefield	29-nov-11	5	27	270
Battlefield	29-nov-11	6	34	615
Battlefield	29-nov-11	7	29	598
Battlefield	29-nov-11	8	18	468
Battlefield	29-nov-11	9	17	352
Battlefield	29-nov-11	10	15	253
Battlefield	29-nov-11	11	18	214
Battlefield	29-nov-11	12	17	211
Battlefield	29-nov-11	13	20	284
Battlefield	29-nov-11	14	20	442
Battlefield	29-nov-11	15	24	533
Battlefield	29-nov-11	16	21	534
Battlefield	29-nov-11	17	22	399
Battlefield	29-nov-11	18	27	382
Battlefield	29-nov-11	19	26	437
Battlefield	29-nov-11	20	29	635
Battlefield	29-nov-11	21	29	532
Battlefield	29-nov-11	22	24	420
Battlefield	29-nov-11	23	22	364
Battlefield	30-nov-11	0	24	433
Battlefield	30-nov-11	1	32	341
Battlefield	30-nov-11	2	34	435
Battlefield	30-nov-11	3	24	479
Battlefield	30-nov-11	4	27	470
Battlefield	30-nov-11	5	25	533
Battlefield	30-nov-11	6	26	163
Battlefield	30-nov-11	7	26	159
Battlefield	30-nov-11	8	18	132
Battlefield	30-nov-11	9	14	150
Battlefield	30-nov-11	10	18	218
Battlefield	30-nov-11	11	20	279
Battlefield	30-nov-11	12	20	255
Battlefield	30-nov-11	13	17	310
Battlefield	30-nov-11	14	24	311
Battlefield	30-nov-11	15	22	329
Battlefield	30-nov-11	16	21	332
Battlefield	30-nov-11	17	14	305
Battlefield	30-nov-11	18	19	601
Battlefield	30-nov-11	19	20	708
Battlefield	30-nov-11	20	19	748
Battlefield	30-nov-11	21	29	1232
Battlefield	30-nov-11	22	36	853
Battlefield	30-nov-11	23	34	934
Battlefield	01-Dec-11	0	31	668
Battlefield	01-Dec-11	1	32	358
Battlefield	01-Dec-11	2	20	351
Battlefield	01-Dec-11	3	21	475
Battlefield	01-Dec-11	4	31	903
Battlefield	01-Dec-11	5	36	821
Battlefield	01-Dec-11	6	31	692
Battlefield	01-Dec-11	7	30	495
Battlefield	01-Dec-11	8	23	296
Battlefield	01-Dec-11	9	24	256
Battlefield	01-Dec-11	10	18	257
Battlefield	01-Dec-11	11	19	292
Battlefield	01-Dec-11	12	18	278
Battlefield	01-Dec-11	13	21	238
Battlefield	01-Dec-11	14	20	248
Battlefield	01-Dec-11	15	23	246
Battlefield	01-Dec-11	16	25	296
Battlefield	01-Dec-11	17	28	342
Battlefield	01-Dec-11	18	24	478
Battlefield	01-Dec-11	19	28	400
Battlefield	01-Dec-11	20	32	415
Battlefield	01-Dec-11	21	36	452
Battlefield	01-Dec-11	22	34	458
Battlefield	01-Dec-11	23	38	400
Battlefield	02-Dec-11	0	50	557
Battlefield	02-Dec-11	1	40	415
Battlefield	02-Dec-11	2	45	788
Battlefield	02-Dec-11	3	42	705
Battlefield	02-Dec-11	4	28	544
Battlefield	02-Dec-11	5	35	465
Battlefield	02-Dec-11	6	32	238
Battlefield	02-Dec-11	7	27	249
Battlefield	02-Dec-11	8	21	246
Battlefield	02-Dec-11	9	20	321
Battlefield	02-Dec-11	10	20	225
Battlefield	02-Dec-11	11	15	197
Battlefield	02-Dec-11	12	14	213
Battlefield	02-Dec-11	13	17	266
Battlefield	02-Dec-11	14	21	260
Battlefield	02-Dec-11	15	31	361
Battlefield	02-Dec-11	16	26	354
Battlefield	02-Dec-11	17	21	357
Battlefield	02-Dec-11	18	23	358
Battlefield	02-Dec-11	19	29	570
Battlefield	02-Dec-11	20	32	485
Battlefield	02-Dec-11	21	29	572
Battlefield	02-Dec-11	22	26	425
Battlefield	02-Dec-11	23	32	428
Battlefield	03-Dec-11	0	36	387
Battlefield	03-Dec-11	1	35	470
Battlefield	03-Dec-11	2	36	570
Battlefield	03-Dec-11	3	34	778
Battlefield	03-Dec-11	4	42	666
Battlefield	03-Dec-11	5	33	484
Battlefield	03-Dec-11	6	33	427
Battlefield	03-Dec-11	7	37	393
Battlefield	03-Dec-11	8	27	540
Battlefield	03-Dec-11	9	25	500
Battlefield	03-Dec-11	10	25	564
Battlefield	03-Dec-11	11	24	602
Battlefield	03-Dec-11	12	24	278
Battlefield	03-Dec-11	13	29	316
Battlefield	03-Dec-11	14	27	316
Battlefield	03-Dec-11	15	29	352
Battlefield	03-Dec-11	16	23	234
Battlefield	03-Dec-11	17	20	241
Battlefield	03-Dec-11	18	32	267
Battlefield	03-Dec-11	19	40	409
Battlefield	03-Dec-11	20	34	397
Battlefield	03-Dec-11	21	36	432
Battlefield	03-Dec-11	22	41	460
Battlefield	03-Dec-11	23	38	719
Battlefield	04-Dec-11	0	40	792
Battlefield	04-Dec-11	1	39	768
Battlefield	04-Dec-11	2	40	495
Battlefield	04-Dec-11	3	33	557
Battlefield	04-Dec-11	4	34	580
Battlefield	04-Dec-11	5	37	576
Battlefield	04-Dec-11	6	35	612
Battlefield	04-Dec-11	7	30	266
Battlefield	04-Dec-11	8	24	191
Battlefield	04-Dec-11	9	26	263
Battlefield	04-Dec-11	10	25	966
Battlefield	04-Dec-11	11	29	488
Battlefield	04-Dec-11	12	26	367
Battlefield	04-Dec-11	13	25	266
Battlefield	04-Dec-11	14	27	294
Battlefield	04-Dec-11	15	22	396
Battlefield	04-Dec-11	16	24	272
Battlefield	04-Dec-11	17	31	351
Battlefield	04-Dec-11	18	30	380
Battlefield	04-Dec-11	19	27	447
Battlefield	04-Dec-11	20	33	454
Battlefield	04-Dec-11	21	34	421
Battlefield	04-Dec-11	22	33	372
Battlefield	04-Dec-11	23	33	396
Battlefield	05-Dec-11	0	29	498
Battlefield	05-Dec-11	1	35	597
Battlefield	05-Dec-11	2	41	587
Battlefield	05-Dec-11	3	36	466
Battlefield	05-Dec-11	4	30	479
Battlefield	05-Dec-11	5	29	349
Battlefield	05-Dec-11	6	28	389
Battlefield	05-Dec-11	7	28	402
Battlefield	05-Dec-11	8	24	387
Battlefield	05-Dec-11	9	25	393
Battlefield	05-Dec-11	10	22	292
Battlefield	05-Dec-11	11	23	258
Battlefield	05-Dec-11	12	17	283
Battlefield	05-Dec-11	13	16	277
Battlefield	05-Dec-11	14	20	314
Battlefield	05-Dec-11	15	27	359
Battlefield	05-Dec-11	16	21	375
Battlefield	05-Dec-11	17	22	337
Battlefield	05-Dec-11	18	22	374
Battlefield	05-Dec-11	19	27	374
Battlefield	05-Dec-11	20	33	843
Battlefield	05-Dec-11	21	28	709
Battlefield	05-Dec-11	22	28	365
Battlefield	05-Dec-11	23	22	489
Battlefield	06-Dec-11	0	25	679
Battlefield	06-Dec-11	1	27	654
Battlefield	06-Dec-11	2	34	523
Battlefield	06-Dec-11	3	39	894
Battlefield	06-Dec-11	4	38	700
Battlefield	06-Dec-11	5	34	608
Battlefield	06-Dec-11	6	29	500
Battlefield	06-Dec-11	7	30	494
Battlefield	06-Dec-11	8	33	477
Battlefield	06-Dec-11	9	17	248
Battlefield	06-Dec-11	10	19	235
Battlefield	06-Dec-11	11	19	263
Battlefield	06-Dec-11	12	19	298
Battlefield	06-Dec-11	13	20	368
Battlefield	06-Dec-11	14	19	547
Battlefield	06-Dec-11	15	18	506
Battlefield	06-Dec-11	16	23	741
Battlefield	06-Dec-11	17	31	846
Battlefield	06-Dec-11	18	34	617
Battlefield	06-Dec-11	19	34	586
Battlefield	06-Dec-11	20	39	500
Battlefield	06-Dec-11	21	39	618
Battlefield	06-Dec-11	22	34	670
Battlefield	06-Dec-11	23	27	513
Battlefield	07-Dec-11	0	35	700
Battlefield	07-Dec-11	1	41	724
Battlefield	07-Dec-11	2	41	706
Battlefield	07-Dec-11	3	53	851
Battlefield	07-Dec-11	4	61	1114
Battlefield	07-Dec-11	5	50	1152
Battlefield	07-Dec-11	6	55	975
Battlefield	07-Dec-11	7	51	630
Battlefield	07-Dec-11	8	31	312
Battlefield	07-Dec-11	9	24	481
Battlefield	07-Dec-11	10	19	247
Battlefield	07-Dec-11	11	18	272
Battlefield	07-Dec-11	12	19	350
Battlefield	07-Dec-11	13	20	399
Battlefield	07-Dec-11	14	22	428
Battlefield	07-Dec-11	15	23	318
Battlefield	07-Dec-11	16	23	407
Battlefield	07-Dec-11	17	28	407
Battlefield	07-Dec-11	18	26	406
Battlefield	07-Dec-11	19	28	531
Battlefield	07-Dec-11	20	34	456
Battlefield	07-Dec-11	21	41	582
Battlefield	07-Dec-11	22	41	589
Battlefield	07-Dec-11	23	37	509
Battlefield	08-Dec-11	0	40	511
Battlefield	08-Dec-11	1	53	500
Battlefield	08-Dec-11	2	51	653
Battlefield	08-Dec-11	3	53	819
Battlefield	08-Dec-11	4	45	832
Battlefield	08-Dec-11	5	41	608
Battlefield	08-Dec-11	6	40	554
Battlefield	08-Dec-11	7	34	270
Battlefield	08-Dec-11	8	24	193
Battlefield	08-Dec-11	9	14	208
Battlefield	08-Dec-11	10	17	220
Battlefield	08-Dec-11	11	17	290
Battlefield	08-Dec-11	12	16	251
Battlefield	08-Dec-11	13	13	203
Battlefield	08-Dec-11	14	17	191
Battlefield	08-Dec-11	15	23	230
Battlefield	08-Dec-11	16	25	293
Battlefield	08-Dec-11	17	24	411
Battlefield	08-Dec-11	18	38	422
Battlefield	08-Dec-11	19	43	634
Battlefield	08-Dec-11	20	34	585
Battlefield	08-Dec-11	21	48	664
Battlefield	08-Dec-11	22	50	765
Battlefield	08-Dec-11	23	38	491
Battlefield	09-Dec-11	0	42	506
Battlefield	09-Dec-11	1	37	468
Battlefield	09-Dec-11	2	37	421
Battlefield	09-Dec-11	3	42	504
Battlefield	09-Dec-11	4	34	458
Battlefield	09-Dec-11	5	35	497
Battlefield	09-Dec-11	6	34	494
Battlefield	09-Dec-11	7	32	466
Battlefield	09-Dec-11	8	24	351
Battlefield	09-Dec-11	9	25	243
Battlefield	09-Dec-11	10	22	243
Battlefield	09-Dec-11	11	20	254
Battlefield	09-Dec-11	12	20	273
Battlefield	09-Dec-11	13	17	263
Battlefield	09-Dec-11	14	13	220
Battlefield	09-Dec-11	15	15	215
Battlefield	09-Dec-11	16	23	338
Battlefield	09-Dec-11	17	32	350
Battlefield	09-Dec-11	18	37	431
Battlefield	09-Dec-11	19	33	526
Battlefield	09-Dec-11	20	41	615
Battlefield	09-Dec-11	21	44	537
Battlefield	09-Dec-11	22	41	490
Battlefield	09-Dec-11	23	39	531
Battlefield	10-Dec-11	0	52	587
Battlefield	10-Dec-11	1	50	545
Battlefield	10-Dec-11	2	62	591
Battlefield	10-Dec-11	3	55	675
Battlefield	10-Dec-11	4	56	663
Battlefield	10-Dec-11	5	58	1181
Battlefield	10-Dec-11	6	46	1238
Battlefield	10-Dec-11	7	40	952
Battlefield	10-Dec-11	8	25	537
Battlefield	10-Dec-11	9	27	455
Battlefield	10-Dec-11	10	25	406
Battlefield	10-Dec-11	11	32	368
Battlefield	10-Dec-11	12	31	335
Battlefield	10-Dec-11	13	19	316
Battlefield	10-Dec-11	14	21	365
Battlefield	10-Dec-11	15	26	386
Battlefield	10-Dec-11	16	32	622
Battlefield	10-Dec-11	17	35	460
Battlefield	10-Dec-11	18	32	561
Battlefield	10-Dec-11	19	33	578
Battlefield	10-Dec-11	20	38	498
Battlefield	10-Dec-11	21	43	431
Battlefield	10-Dec-11	22	38	427
Battlefield	10-Dec-11	23	39	473
Battlefield	11-Dec-11	0	38	533
Battlefield	11-Dec-11	1	42	633
Battlefield	11-Dec-11	2	48	1091
Battlefield	11-Dec-11	3	38	541
Battlefield	11-Dec-11	4	49	507
Battlefield	11-Dec-11	5	40	493
Battlefield	11-Dec-11	6	41	594
Battlefield	11-Dec-11	7	36	567
Battlefield	11-Dec-11	8	36	382
Battlefield	11-Dec-11	9	30	220
Battlefield	11-Dec-11	10	25	207
Battlefield	11-Dec-11	11	20	182
Battlefield	11-Dec-11	12	23	228
Battlefield	11-Dec-11	13	19	209
Battlefield	11-Dec-11	14	22	348
Battlefield	11-Dec-11	15	15	262
Battlefield	11-Dec-11	16	24	319
Battlefield	11-Dec-11	17	27	264
Battlefield	11-Dec-11	18	34	371
Battlefield	11-Dec-11	19	43	422
Battlefield	11-Dec-11	20	44	534
Battlefield	11-Dec-11	21	44	764
Battlefield	11-Dec-11	22	44	820
Battlefield	11-Dec-11	23	43	741
Battlefield	12-Dec-11	0	40	496
Battlefield	12-Dec-11	1	35	663
Battlefield	12-Dec-11	2	48	673
Battlefield	12-Dec-11	3	42	508
Battlefield	12-Dec-11	4	39	580
Battlefield	12-Dec-11	5	46	589
Battlefield	12-Dec-11	6	44	634
Battlefield	12-Dec-11	7	30	367
Battlefield	12-Dec-11	8	28	201
Battlefield	12-Dec-11	9	25	159
Battlefield	12-Dec-11	10	29	175
Battlefield	12-Dec-11	11	30	279
Battlefield	12-Dec-11	12	22	271
Battlefield	12-Dec-11	13	20	267
Battlefield	12-Dec-11	14	19	237
Battlefield	12-Dec-11	15	20	240
Battlefield	12-Dec-11	16	22	317
Battlefield	12-Dec-11	17	28	449
Battlefield	12-Dec-11	18	36	542
Battlefield	12-Dec-11	19	34	672
Battlefield	12-Dec-11	20	39	780
Battlefield	12-Dec-11	21	33	735
Battlefield	12-Dec-11	22	32	539
Battlefield	12-Dec-11	23	31	554
Battlefield	13-Dec-11	0	39	550
Battlefield	13-Dec-11	1	40	436
Battlefield	13-Dec-11	2	37	548
Battlefield	13-Dec-11	3	45	855
Battlefield	13-Dec-11	4	41	864
Battlefield	13-Dec-11	5	33	846
Battlefield	13-Dec-11	6	26	833
Battlefield	13-Dec-11	7	26	366
Battlefield	13-Dec-11	8	23	386
Battlefield	13-Dec-11	9	24	353
Battlefield	13-Dec-11	10	28	305
Battlefield	13-Dec-11	11	33	379
Battlefield	13-Dec-11	12	37	528
Battlefield	13-Dec-11	13	37	516
Battlefield	13-Dec-11	14	31	497
Battlefield	13-Dec-11	15	34	557
Battlefield	13-Dec-11	16	44	673
Battlefield	13-Dec-11	17	47	664
Battlefield	13-Dec-11	18	48	798
Battlefield	13-Dec-11	19	35	528
Battlefield	13-Dec-11	20	29	650
Battlefield	13-Dec-11	21	34	786
Battlefield	13-Dec-11	22	54	1406
Battlefield	13-Dec-11	23	62	1531
Battlefield	14-Dec-11	0	59	1132
Battlefield	14-Dec-11	1	65	1125
Battlefield	14-Dec-11	2	64	1119
Battlefield	14-Dec-11	3	47	789
Battlefield	14-Dec-11	4	52	828
Battlefield	14-Dec-11	5	46	631
Battlefield	14-Dec-11	6	37	622
Battlefield	14-Dec-11	7	36	615
Battlefield	14-Dec-11	8	32	545
Battlefield	14-Dec-11	9	32	560
Battlefield	14-Dec-11	10	29	562
Battlefield	14-Dec-11	11	23	539
Battlefield	14-Dec-11	12	25	452
Battlefield	14-Dec-11	13	23	407
Battlefield	14-Dec-11	14	20	334
Battlefield	14-Dec-11	15	33	431
Battlefield	14-Dec-11	16	33	486
Battlefield	14-Dec-11	17	31	715
Battlefield	14-Dec-11	18	35	776
Battlefield	14-Dec-11	19	40	776
Battlefield	14-Dec-11	20	47	866
Battlefield	14-Dec-11	21	53	718
Battlefield	14-Dec-11	22	46	549
Battlefield	14-Dec-11	23	48	538
Battlefield	15-Dec-11	0	49	676
Battlefield	15-Dec-11	1	39	562
Battlefield	15-Dec-11	2	43	538
Battlefield	15-Dec-11	3	51	679
Battlefield	15-Dec-11	4	56	577
Battlefield	15-Dec-11	5	48	474
Battlefield	15-Dec-11	6	40	391
Battlefield	15-Dec-11	7	41	386
Battlefield	15-Dec-11	8	35	421
Battlefield	15-Dec-11	9	32	400
Battlefield	15-Dec-11	10	26	261
Battlefield	15-Dec-11	11	24	388
Battlefield	15-Dec-11	12	20	260
Battlefield	15-Dec-11	13	23	305
Battlefield	15-Dec-11	14	25	345
Battlefield	15-Dec-11	15	23	385
Battlefield	15-Dec-11	16	28	480
Battlefield	15-Dec-11	17	28	552
Battlefield	15-Dec-11	18	32	911
Battlefield	15-Dec-11	19	42	556
Battlefield	15-Dec-11	20	40	642
Battlefield	15-Dec-11	21	37	526
Battlefield	15-Dec-11	22	30	508
Battlefield	15-Dec-11	23	30	549
Battlefield	16-Dec-11	0	35	608
Battlefield	16-Dec-11	1	44	438
Battlefield	16-Dec-11	2	46	533
Battlefield	16-Dec-11	3	44	634
Battlefield	16-Dec-11	4	40	755
Battlefield	16-Dec-11	5	35	591
Battlefield	16-Dec-11	6	40	519
Battlefield	16-Dec-11	7	26	281
Battlefield	16-Dec-11	8	28	279
Battlefield	16-Dec-11	9	29	340
Battlefield	16-Dec-11	10	23	560
Battlefield	16-Dec-11	11	17	401
Battlefield	16-Dec-11	12	21	410
Battlefield	16-Dec-11	13	14	389
Battlefield	16-Dec-11	14	22	384
Battlefield	16-Dec-11	15	27	452
Battlefield	16-Dec-11	16	25	490
Battlefield	16-Dec-11	17	19	576
Battlefield	16-Dec-11	18	25	477
Battlefield	16-Dec-11	19	25	381
Battlefield	16-Dec-11	20	30	394
Battlefield	16-Dec-11	21	40	391
Battlefield	16-Dec-11	22	39	739
Battlefield	16-Dec-11	23	42	1174
Battlefield	17-Dec-11	0	41	960
Battlefield	17-Dec-11	1	38	800
Battlefield	17-Dec-11	2	41	520
Battlefield	17-Dec-11	3	40	799
Battlefield	17-Dec-11	4	39	591
Battlefield	17-Dec-11	5	30	441
Battlefield	17-Dec-11	6	35	541
Battlefield	17-Dec-11	7	31	598
Battlefield	17-Dec-11	8	25	335
Battlefield	17-Dec-11	9	27	436
Battlefield	17-Dec-11	10	26	212
Battlefield	17-Dec-11	11	22	215
Battlefield	17-Dec-11	12	25	307
Battlefield	17-Dec-11	13	22	325
Battlefield	17-Dec-11	14	18	478
Battlefield	17-Dec-11	15	16	498
Battlefield	17-Dec-11	16	20	452
Battlefield	17-Dec-11	17	25	540
Battlefield	17-Dec-11	18	25	767
Battlefield	17-Dec-11	19	39	635
Battlefield	17-Dec-11	20	40	413
Battlefield	17-Dec-11	21	34	510
Battlefield	17-Dec-11	22	44	522
Battlefield	17-Dec-11	23	45	543
Battlefield	18-Dec-11	0	45	518
Battlefield	18-Dec-11	1	34	606
Battlefield	18-Dec-11	2	35	395
Battlefield	18-Dec-11	3	33	595
Battlefield	18-Dec-11	4	37	392
Battlefield	18-Dec-11	5	35	341
Battlefield	18-Dec-11	6	38	446
Battlefield	18-Dec-11	7	32	323
Battlefield	18-Dec-11	8	31	301
Battlefield	18-Dec-11	9	32	384
Battlefield	18-Dec-11	10	31	405
Battlefield	18-Dec-11	11	27	277
Battlefield	18-Dec-11	12	25	289
Battlefield	18-Dec-11	13	22	274
Battlefield	18-Dec-11	14	21	244
Battlefield	18-Dec-11	15	17	168
Battlefield	18-Dec-11	16	27	302
Battlefield	18-Dec-11	17	27	325
Battlefield	18-Dec-11	18	28	374
Battlefield	18-Dec-11	19	27	442
Battlefield	18-Dec-11	20	29	357
Battlefield	18-Dec-11	21	29	446
Battlefield	18-Dec-11	22	28	453
Battlefield	18-Dec-11	23	37	578
Battlefield	19-Dec-11	0	34	529
Battlefield	19-Dec-11	1	25	493
Battlefield	19-Dec-11	2	33	516
Battlefield	19-Dec-11	3	31	479
Battlefield	19-Dec-11	4	29	517
Battlefield	19-Dec-11	5	27	444
Battlefield	19-Dec-11	6	30	593
Battlefield	19-Dec-11	7	27	443
Battlefield	19-Dec-11	8	28	412
Battlefield	19-Dec-11	9	27	696
Battlefield	19-Dec-11	10	24	227
Battlefield	19-Dec-11	11	22	352
Battlefield	19-Dec-11	12	20	293
Battlefield	19-Dec-11	13	17	372
Battlefield	19-Dec-11	14	20	353
Battlefield	19-Dec-11	15	20	617
Battlefield	19-Dec-11	16	22	628
Battlefield	19-Dec-11	17	27	702
Battlefield	19-Dec-11	18	29	849
Battlefield	19-Dec-11	19	36	640
Battlefield	19-Dec-11	20	33	920
Battlefield	19-Dec-11	21	33	796
Battlefield	19-Dec-11	22	36	681
Battlefield	19-Dec-11	23	45	610
Battlefield	20-Dec-11	0	42	537
Battlefield	20-Dec-11	1	42	608
Battlefield	20-Dec-11	2	40	645
Battlefield	20-Dec-11	3	44	769
Battlefield	20-Dec-11	4	40	662
Battlefield	20-Dec-11	5	41	766
Battlefield	20-Dec-11	6	30	502
Battlefield	20-Dec-11	7	31	428
Battlefield	20-Dec-11	8	25	286
Battlefield	20-Dec-11	9	18	390
Battlefield	20-Dec-11	10	13	373
Battlefield	20-Dec-11	11	15	304
Battlefield	20-Dec-11	12	15	319
Battlefield	20-Dec-11	13	10	294
Battlefield	20-Dec-11	14	9	203
Battlefield	20-Dec-11	15	12	445
Battlefield	20-Dec-11	16	15	435
Battlefield	20-Dec-11	17	13	499
Battlefield	20-Dec-11	18	16	818
Battlefield	20-Dec-11	19	22	655
Battlefield	20-Dec-11	20	32	1136
Battlefield	20-Dec-11	21	38	867
Battlefield	20-Dec-11	22	37	719
Battlefield	20-Dec-11	23	35	631
Battlefield	21-Dec-11	0	44	818
Battlefield	21-Dec-11	1	33	544
Battlefield	21-Dec-11	2	37	565
Battlefield	21-Dec-11	3	37	461
Battlefield	21-Dec-11	4	43	498
Battlefield	21-Dec-11	5	25	432
Battlefield	21-Dec-11	6	30	425
Battlefield	21-Dec-11	7	23	607
Battlefield	21-Dec-11	8	17	438
Battlefield	21-Dec-11	9	16	417
Battlefield	21-Dec-11	10	21	270
Battlefield	21-Dec-11	11	19	249
Battlefield	21-Dec-11	12	18	227
Battlefield	21-Dec-11	13	18	311
Battlefield	21-Dec-11	14	21	313
Battlefield	21-Dec-11	15	20	479
Battlefield	21-Dec-11	16	20	531
Battlefield	21-Dec-11	17	26	641
Battlefield	21-Dec-11	18	18	533
Battlefield	21-Dec-11	19	22	563
Battlefield	21-Dec-11	20	29	594
Battlefield	21-Dec-11	21	33	476
Battlefield	21-Dec-11	22	34	537
Battlefield	21-Dec-11	23	37	484
Battlefield	22-Dec-11	0	33	531
Battlefield	22-Dec-11	1	29	665
Battlefield	22-Dec-11	2	28	524
Battlefield	22-Dec-11	3	32	498
Battlefield	22-Dec-11	4	36	524
Battlefield	22-Dec-11	5	42	942
Battlefield	22-Dec-11	6	38	707
Battlefield	22-Dec-11	7	32	582
Battlefield	22-Dec-11	8	29	577
Battlefield	22-Dec-11	9	25	606
Battlefield	22-Dec-11	10	24	468
Battlefield	22-Dec-11	11	21	286
Battlefield	22-Dec-11	12	22	326
Battlefield	22-Dec-11	13	19	295
Battlefield	22-Dec-11	14	23	280
Battlefield	22-Dec-11	15	26	578
Battlefield	22-Dec-11	16	27	662
Battlefield	22-Dec-11	17	28	749
Battlefield	22-Dec-11	18	29	503
Battlefield	22-Dec-11	19	27	575
Battlefield	22-Dec-11	20	27	781
Battlefield	22-Dec-11	21	37	574
Battlefield	22-Dec-11	22	36	632
Battlefield	22-Dec-11	23	40	685
Battlefield	23-Dec-11	0	30	466
Battlefield	23-Dec-11	1	35	537
Battlefield	23-Dec-11	2	33	518
Battlefield	23-Dec-11	3	34	517
Battlefield	23-Dec-11	4	27	429
Battlefield	23-Dec-11	5	32	483
Battlefield	23-Dec-11	6	26	440
Battlefield	23-Dec-11	7	23	327
Battlefield	23-Dec-11	8	24	605
Battlefield	23-Dec-11	9	22	277
Battlefield	23-Dec-11	10	17	264
Battlefield	23-Dec-11	11	18	240
Battlefield	23-Dec-11	12	16	291
Battlefield	23-Dec-11	13	18	327
Battlefield	23-Dec-11	14	22	458
Battlefield	23-Dec-11	15	23	598
Battlefield	23-Dec-11	16	23	699
Battlefield	23-Dec-11	17	19	661
Battlefield	23-Dec-11	18	21	680
Battlefield	23-Dec-11	19	26	647
Battlefield	23-Dec-11	20	27	803
Battlefield	23-Dec-11	21	30	829
Battlefield	23-Dec-11	22	25	741
Battlefield	23-Dec-11	23	25	612
Battlefield	24-Dec-11	0	32	746
Battlefield	24-Dec-11	1	35	648
Battlefield	24-Dec-11	2	33	605
Battlefield	24-Dec-11	3	31	475
Battlefield	24-Dec-11	4	31	476
Battlefield	24-Dec-11	5	27	463
Battlefield	24-Dec-11	6	24	669
Battlefield	24-Dec-11	7	27	408
Battlefield	24-Dec-11	8	22	375
Battlefield	24-Dec-11	9	23	388
Battlefield	24-Dec-11	10	19	380
Battlefield	24-Dec-11	11	14	283
Battlefield	24-Dec-11	12	16	282
Battlefield	24-Dec-11	13	15	274
Battlefield	24-Dec-11	14	15	325
Battlefield	24-Dec-11	15	10	243
Battlefield	24-Dec-11	16	15	388
Battlefield	24-Dec-11	17	18	398
Battlefield	24-Dec-11	18	22	516
Battlefield	24-Dec-11	19	19	433
Battlefield	24-Dec-11	20	14	453
Battlefield	24-Dec-11	21	19	385
Battlefield	24-Dec-11	22	20	403
Battlefield	24-Dec-11	23	18	570
Battlefield	25-Dec-11	0	27	465
Battlefield	25-Dec-11	1	24	639
Battlefield	25-Dec-11	2	27	888
Battlefield	25-Dec-11	3	34	840
Battlefield	25-Dec-11	4	29	832
Battlefield	25-Dec-11	5	27	702
Battlefield	25-Dec-11	6	23	601
Battlefield	25-Dec-11	7	26	561
Battlefield	25-Dec-11	8	25	458
Battlefield	25-Dec-11	9	22	733
Battlefield	25-Dec-11	10	17	333
Battlefield	25-Dec-11	11	14	461
Battlefield	25-Dec-11	12	8	282
Battlefield	25-Dec-11	13	17	340
Battlefield	25-Dec-11	14	15	261
Battlefield	25-Dec-11	15	16	344
Battlefield	25-Dec-11	16	16	255
Battlefield	25-Dec-11	17	16	371
Battlefield	25-Dec-11	18	19	420
Battlefield	25-Dec-11	19	17	459
Battlefield	25-Dec-11	20	23	665
Battlefield	25-Dec-11	21	14	637
Battlefield	25-Dec-11	22	21	616
Battlefield	25-Dec-11	23	24	612
Battlefield	26-Dec-11	0	23	624
Battlefield	26-Dec-11	1	25	712
Battlefield	26-Dec-11	2	28	682
Battlefield	26-Dec-11	3	25	508
Battlefield	26-Dec-11	4	31	598
Battlefield	26-Dec-11	5	34	938
Battlefield	26-Dec-11	6	28	539
Battlefield	26-Dec-11	7	20	320
Battlefield	26-Dec-11	8	24	481
Battlefield	26-Dec-11	9	21	405
Battlefield	26-Dec-11	10	15	400
Battlefield	26-Dec-11	11	18	515
Battlefield	26-Dec-11	12	16	353
Battlefield	26-Dec-11	13	12	306
Battlefield	26-Dec-11	14	16	281
Battlefield	26-Dec-11	15	15	314
Battlefield	26-Dec-11	16	16	304
Battlefield	26-Dec-11	17	21	343
Battlefield	26-Dec-11	18	27	615
Battlefield	26-Dec-11	19	25	457
Battlefield	26-Dec-11	20	30	497
Battlefield	26-Dec-11	21	26	562
Battlefield	26-Dec-11	22	20	414
Battlefield	26-Dec-11	23	30	583
Battlefield	27-Dec-11	0	35	548
Battlefield	27-Dec-11	1	30	502
Battlefield	27-Dec-11	2	33	952
Battlefield	27-Dec-11	3	36	793
Battlefield	27-Dec-11	4	42	642
Battlefield	27-Dec-11	5	45	648
Battlefield	27-Dec-11	6	40	567
Battlefield	27-Dec-11	7	24	478
Battlefield	27-Dec-11	8	24	414
Battlefield	27-Dec-11	9	25	444
Battlefield	27-Dec-11	10	19	381
Battlefield	27-Dec-11	11	15	275
Battlefield	27-Dec-11	12	17	228
Battlefield	27-Dec-11	13	15	561
Battlefield	27-Dec-11	14	19	356
Battlefield	27-Dec-11	15	17	368
Battlefield	27-Dec-11	16	14	274
Battlefield	27-Dec-11	17	18	539
Battlefield	27-Dec-11	18	18	465
Battlefield	27-Dec-11	19	26	589
Battlefield	27-Dec-11	20	22	308
Battlefield	27-Dec-11	21	30	489
Battlefield	27-Dec-11	22	31	361
Battlefield	27-Dec-11	23	36	447
Battlefield	28-Dec-11	0	30	543
Battlefield	28-Dec-11	1	32	830
Battlefield	28-Dec-11	2	36	572
Battlefield	28-Dec-11	3	30	699
Battlefield	28-Dec-11	4	31	705
Battlefield	28-Dec-11	5	33	599
Battlefield	28-Dec-11	6	36	741
Battlefield	28-Dec-11	7	28	464
Battlefield	28-Dec-11	8	26	485
Battlefield	28-Dec-11	9	21	412
Battlefield	28-Dec-11	10	21	461
Battlefield	28-Dec-11	11	21	413
Battlefield	28-Dec-11	12	18	318
Battlefield	28-Dec-11	13	19	282
Battlefield	28-Dec-11	14	18	270
Battlefield	28-Dec-11	15	18	293
Battlefield	28-Dec-11	16	22	237
Battlefield	28-Dec-11	17	22	245
Battlefield	28-Dec-11	18	20	467
Battlefield	28-Dec-11	19	26	461
Battlefield	28-Dec-11	20	31	523
Battlefield	28-Dec-11	21	26	519
Battlefield	28-Dec-11	22	42	616
Battlefield	28-Dec-11	23	36	648
Battlefield	29-Dec-11	0	38	691
Battlefield	29-Dec-11	1	43	597
Battlefield	29-Dec-11	2	39	978
Battlefield	29-Dec-11	3	47	747
Battlefield	29-Dec-11	4	46	735
Battlefield	29-Dec-11	5	42	810
Battlefield	29-Dec-11	6	38	803
Battlefield	29-Dec-11	7	40	495
Battlefield	29-Dec-11	8	27	479
Battlefield	29-Dec-11	9	23	321
Battlefield	29-Dec-11	10	20	357
Battlefield	29-Dec-11	11	17	372
Battlefield	29-Dec-11	12	25	287
Battlefield	29-Dec-11	13	22	314
Battlefield	29-Dec-11	14	30	364
Battlefield	29-Dec-11	15	23	297
Battlefield	29-Dec-11	16	25	283
Battlefield	29-Dec-11	17	14	205
Battlefield	29-Dec-11	18	19	447
Battlefield	29-Dec-11	19	23	520
Battlefield	29-Dec-11	20	29	664
Battlefield	29-Dec-11	21	35	620
Battlefield	29-Dec-11	22	37	751
Battlefield	29-Dec-11	23	38	763
Battlefield	30-Dec-11	0	43	928
Battlefield	30-Dec-11	1	45	739
Battlefield	30-Dec-11	2	40	981
Battlefield	30-Dec-11	3	38	948
Battlefield	30-Dec-11	4	41	933
Battlefield	30-Dec-11	5	46	789
Battlefield	30-Dec-11	6	48	802
Battlefield	30-Dec-11	7	36	434
Battlefield	30-Dec-11	8	33	467
Battlefield	30-Dec-11	9	28	576
Battlefield	30-Dec-11	10	24	503
Battlefield	30-Dec-11	11	25	679
Battlefield	30-Dec-11	12	21	444
Battlefield	30-Dec-11	13	23	455
Battlefield	30-Dec-11	14	24	201
Battlefield	30-Dec-11	15	22	401
Battlefield	30-Dec-11	16	29	469
Battlefield	30-Dec-11	17	27	566
Battlefield	30-Dec-11	18	27	303
Battlefield	30-Dec-11	19	29	556
Battlefield	30-Dec-11	20	32	721
Battlefield	30-Dec-11	21	31	772
Battlefield	30-Dec-11	22	43	791
Battlefield	30-Dec-11	23	48	833
Battlefield	31-Dec-11	0	47	979
Battlefield	31-Dec-11	1	48	697
Battlefield	31-Dec-11	2	48	695
Battlefield	31-Dec-11	3	46	705
Battlefield	31-Dec-11	4	42	894
Battlefield	31-Dec-11	5	41	910
Battlefield	31-Dec-11	6	34	528
Battlefield	31-Dec-11	7	36	573
Battlefield	31-Dec-11	8	36	561
Battlefield	31-Dec-11	9	36	756
Battlefield	31-Dec-11	10	26	478
Battlefield	31-Dec-11	11	25	563
Battlefield	31-Dec-11	12	27	456
Battlefield	31-Dec-11	13	25	407
Battlefield	31-Dec-11	14	22	439
Battlefield	31-Dec-11	15	24	537
Battlefield	31-Dec-11	16	24	551
Battlefield	31-Dec-11	17	24	384
Battlefield	31-Dec-11	18	23	513
Battlefield	31-Dec-11	19	20	291
Battlefield	31-Dec-11	20	20	296
Battlefield	31-Dec-11	21	23	1082
Battlefield	31-Dec-11	22	27	527
Battlefield	31-Dec-11	23	28	520
Battlefield	01-janv-12	0	33	770
Battlefield	01-janv-12	1	36	949
Battlefield	01-janv-12	2	29	504
Battlefield	01-janv-12	3	32	779
Battlefield	01-janv-12	4	29	1310
Battlefield	01-janv-12	5	31	604
Battlefield	01-janv-12	6	27	362
Battlefield	01-janv-12	7	25	353
Battlefield	01-janv-12	8	22	394
Battlefield	01-janv-12	9	20	280
Battlefield	01-janv-12	10	16	289
Battlefield	01-janv-12	11	8	279
Battlefield	01-janv-12	12	9	398
Battlefield	01-janv-12	13	18	324
Battlefield	01-janv-12	14	20	298
Battlefield	01-janv-12	15	23	316
Battlefield	01-janv-12	16	23	409
Battlefield	01-janv-12	17	26	557
Battlefield	01-janv-12	18	34	910
Battlefield	01-janv-12	19	36	771
Battlefield	01-janv-12	20	28	692
Battlefield	01-janv-12	21	30	665
Battlefield	01-janv-12	22	38	764
Battlefield	01-janv-12	23	38	757
Battlefield	02-janv-12	0	39	1137
Battlefield	02-janv-12	1	34	697
Battlefield	02-janv-12	2	33	659
Battlefield	02-janv-12	3	32	790
Battlefield	02-janv-12	4	41	1066
Battlefield	02-janv-12	5	37	854
Battlefield	02-janv-12	6	36	691
Battlefield	02-janv-12	7	29	657
Battlefield	02-janv-12	8	25	713
Battlefield	02-janv-12	9	22	382
Battlefield	02-janv-12	10	22	320
Battlefield	02-janv-12	11	23	402
Battlefield	02-janv-12	12	15	445
Battlefield	02-janv-12	13	16	348
Battlefield	02-janv-12	14	17	352
Battlefield	02-janv-12	15	17	396
Battlefield	02-janv-12	16	21	423
Battlefield	02-janv-12	17	20	490
Battlefield	02-janv-12	18	25	842
Battlefield	02-janv-12	19	32	730
Battlefield	02-janv-12	20	26	534
Battlefield	02-janv-12	21	30	599
Battlefield	02-janv-12	22	44	623
Battlefield	02-janv-12	23	38	740
Battlefield	03-janv-12	0	39	965
Battlefield	03-janv-12	1	42	1557
Battlefield	03-janv-12	2	42	900
Battlefield	03-janv-12	3	42	824
Battlefield	03-janv-12	4	44	583
Battlefield	03-janv-12	5	41	530
Battlefield	03-janv-12	6	32	873
Battlefield	03-janv-12	7	32	541
Battlefield	03-janv-12	8	33	510
Battlefield	03-janv-12	9	25	607
Battlefield	03-janv-12	10	20	459
Battlefield	03-janv-12	11	20	466
Battlefield	03-janv-12	12	17	291
Battlefield	03-janv-12	13	15	376
Battlefield	03-janv-12	14	18	492
Battlefield	03-janv-12	15	18	698
Battlefield	03-janv-12	16	17	447
Battlefield	03-janv-12	17	26	439
Battlefield	03-janv-12	18	30	519
Battlefield	03-janv-12	19	26	500
Battlefield	03-janv-12	20	35	575
Battlefield	03-janv-12	21	40	746
Battlefield	03-janv-12	22	34	718
Battlefield	03-janv-12	23	35	563
Battlefield	04-janv-12	0	37	578
Battlefield	04-janv-12	1	40	874
Battlefield	04-janv-12	2	39	605
Battlefield	04-janv-12	3	34	646
Battlefield	04-janv-12	4	35	607
Battlefield	04-janv-12	5	30	584
Battlefield	04-janv-12	6	39	784
Battlefield	04-janv-12	7	31	408
Battlefield	04-janv-12	8	23	318
Battlefield	04-janv-12	9	25	361
Battlefield	04-janv-12	10	19	324
Battlefield	04-janv-12	11	22	344
Battlefield	04-janv-12	12	22	381
Battlefield	04-janv-12	13	20	455
Battlefield	04-janv-12	14	17	424
Battlefield	04-janv-12	15	17	549
Battlefield	04-janv-12	16	16	494
Battlefield	04-janv-12	17	20	635
Battlefield	04-janv-12	18	20	694
Battlefield	04-janv-12	19	23	617
Battlefield	04-janv-12	20	27	391
Battlefield	04-janv-12	21	26	517
Battlefield	04-janv-12	22	35	1027
Battlefield	04-janv-12	23	36	1370
Battlefield	05-janv-12	0	40	1129
Battlefield	05-janv-12	1	39	992
Battlefield	05-janv-12	2	39	726
Battlefield	05-janv-12	3	40	1110
Battlefield	05-janv-12	4	44	945
Battlefield	05-janv-12	5	45	986
Battlefield	05-janv-12	6	36	1111
Battlefield	05-janv-12	7	28	455
Battlefield	05-janv-12	8	20	438
Battlefield	05-janv-12	9	18	672
Battlefield	05-janv-12	10	20	405
Battlefield	05-janv-12	11	17	380
Battlefield	05-janv-12	12	19	344
Battlefield	05-janv-12	13	17	575
Battlefield	05-janv-12	14	24	371
Battlefield	05-janv-12	15	27	823
Battlefield	05-janv-12	16	31	719
Battlefield	05-janv-12	17	23	657
Battlefield	05-janv-12	18	29	515
Battlefield	05-janv-12	19	32	624
Battlefield	05-janv-12	20	34	572
Battlefield	05-janv-12	21	36	718
Battlefield	05-janv-12	22	44	1295
Battlefield	05-janv-12	23	50	992
Battlefield	06-janv-12	0	47	847
Battlefield	06-janv-12	1	45	702
Battlefield	06-janv-12	2	43	733
Battlefield	06-janv-12	3	43	989
Battlefield	06-janv-12	4	39	783
Battlefield	06-janv-12	5	38	804
Battlefield	06-janv-12	6	29	1695
Battlefield	06-janv-12	7	28	1244
Battlefield	06-janv-12	8	31	1303
Battlefield	06-janv-12	9	21	557
Battlefield	06-janv-12	10	20	340
Battlefield	06-janv-12	11	23	409
Battlefield	06-janv-12	12	17	314
Battlefield	06-janv-12	13	15	486
Battlefield	06-janv-12	14	13	211
Battlefield	06-janv-12	15	16	320
Battlefield	06-janv-12	16	16	571
Battlefield	06-janv-12	17	22	236
Battlefield	06-janv-12	18	23	257
Battlefield	06-janv-12	19	29	388
Battlefield	06-janv-12	20	34	417
Battlefield	06-janv-12	21	36	682
Battlefield	06-janv-12	22	31	590
Battlefield	06-janv-12	23	37	1167
Battlefield	07-janv-12	0	39	722
Battlefield	07-janv-12	1	48	700
Battlefield	07-janv-12	2	41	971
Battlefield	07-janv-12	3	48	1101
Battlefield	07-janv-12	4	53	1467
Battlefield	07-janv-12	5	48	904
Battlefield	07-janv-12	6	38	844
Battlefield	07-janv-12	7	39	1334
Battlefield	07-janv-12	8	33	909
Battlefield	07-janv-12	9	26	525
Battlefield	07-janv-12	10	28	452
Battlefield	07-janv-12	11	28	386
Battlefield	07-janv-12	12	21	401
Battlefield	07-janv-12	13	22	402
Battlefield	07-janv-12	14	25	517
Battlefield	07-janv-12	15	24	525
Battlefield	07-janv-12	16	20	428
Battlefield	07-janv-12	17	24	495
Battlefield	07-janv-12	18	31	409
Battlefield	07-janv-12	19	33	573
Battlefield	07-janv-12	20	30	320
Battlefield	07-janv-12	21	39	642
Battlefield	07-janv-12	22	52	877
Battlefield	07-janv-12	23	49	725
Battlefield	08-janv-12	0	47	766
Battlefield	08-janv-12	1	50	949
Battlefield	08-janv-12	2	58	726
Battlefield	08-janv-12	3	46	844
Battlefield	08-janv-12	4	48	962
Battlefield	08-janv-12	5	50	797
Battlefield	08-janv-12	6	42	689
Battlefield	08-janv-12	7	40	719
Battlefield	08-janv-12	8	44	772
Battlefield	08-janv-12	9	36	596
Battlefield	08-janv-12	10	27	309
Battlefield	08-janv-12	11	31	498
Battlefield	08-janv-12	12	28	366
Battlefield	08-janv-12	13	32	387
Battlefield	08-janv-12	14	28	414
Battlefield	08-janv-12	15	29	426
Battlefield	08-janv-12	16	26	589
Battlefield	08-janv-12	17	30	748
Battlefield	08-janv-12	18	37	737
Battlefield	08-janv-12	19	44	752
Battlefield	08-janv-12	20	49	928
Battlefield	08-janv-12	21	56	975
Battlefield	08-janv-12	22	53	1596
Battlefield	08-janv-12	23	57	1077
Battlefield	09-janv-12	0	43	719
Battlefield	09-janv-12	1	32	496
Battlefield	09-janv-12	2	32	764
Battlefield	09-janv-12	3	35	843
Battlefield	09-janv-12	4	32	493
Battlefield	09-janv-12	5	40	580
Battlefield	09-janv-12	6	34	401
Battlefield	09-janv-12	7	35	744
Battlefield	09-janv-12	8	27	317
Battlefield	09-janv-12	9	19	238
Battlefield	09-janv-12	10	23	422
Battlefield	09-janv-12	11	17	211
Battlefield	09-janv-12	12	21	213
Battlefield	09-janv-12	13	16	187
Battlefield	09-janv-12	14	14	572
Battlefield	09-janv-12	15	13	197
